ISO-10303-21;
HEADER;
/* Generated by software containing ST-Developer
 * from STEP Tools, Inc. (www.steptools.com) 
 */

FILE_DESCRIPTION(
/* description */ (''),
/* implementation_level */ '2;1');

FILE_NAME(
/* name */ 'rear_fan_plate.step',
/* time_stamp */ '2026-08-26T09:02:39-05:00',
/* author */ (''),
/* organization */ (''),
/* preprocessor_version */ 'ST-DEVELOPER v20.1',
/* originating_system */ 'Autodesk Translation Framework v15.8.0.0',
/* authorisation */ '');

FILE_SCHEMA (('AUTOMOTIVE_DESIGN { 1 0 10303 214 3 1 1 }'));
ENDSEC;

DATA;
#10=MECHANICAL_DESIGN_GEOMETRIC_PRESENTATION_REPRESENTATION('',(#13),#2572);
#11=SHAPE_REPRESENTATION_RELATIONSHIP('SRR','None',#2579,#12);
#12=ADVANCED_BREP_SHAPE_REPRESENTATION('',(#14),#2571);
#13=STYLED_ITEM('',(#2588),#14);
#14=MANIFOLD_SOLID_BREP('Rear Fan Plate',#1568);
#15=CYLINDRICAL_SURFACE('',#1620,19.5);
#16=CYLINDRICAL_SURFACE('',#1623,3.24999999999999);
#17=CYLINDRICAL_SURFACE('',#1628,3.24999999999999);
#18=CYLINDRICAL_SURFACE('',#1633,3.24999999999999);
#19=CYLINDRICAL_SURFACE('',#1638,3.24999999999999);
#20=CYLINDRICAL_SURFACE('',#1667,1.7);
#21=CYLINDRICAL_SURFACE('',#1669,1.7);
#22=CYLINDRICAL_SURFACE('',#1671,1.8);
#23=CYLINDRICAL_SURFACE('',#1674,1.8);
#24=CYLINDRICAL_SURFACE('',#1676,19.5);
#25=CYLINDRICAL_SURFACE('',#1680,1.8);
#26=CYLINDRICAL_SURFACE('',#1682,1.8);
#27=CYLINDRICAL_SURFACE('',#1684,1.8);
#28=CYLINDRICAL_SURFACE('',#1686,1.8);
#29=CYLINDRICAL_SURFACE('',#1689,1.8);
#30=CYLINDRICAL_SURFACE('',#1692,1.8);
#31=CYLINDRICAL_SURFACE('',#1694,19.5);
#32=CYLINDRICAL_SURFACE('',#1696,1.8);
#33=CYLINDRICAL_SURFACE('',#1698,1.8);
#34=CYLINDRICAL_SURFACE('',#1700,1.8);
#35=CYLINDRICAL_SURFACE('',#1702,1.8);
#36=CYLINDRICAL_SURFACE('',#1705,1.7);
#37=CYLINDRICAL_SURFACE('',#1707,1.7);
#38=FACE_BOUND('',#240,.T.);
#39=FACE_BOUND('',#241,.T.);
#40=FACE_BOUND('',#242,.T.);
#41=FACE_BOUND('',#243,.T.);
#42=FACE_BOUND('',#244,.T.);
#43=FACE_BOUND('',#245,.T.);
#44=FACE_BOUND('',#247,.T.);
#45=FACE_BOUND('',#248,.T.);
#46=FACE_BOUND('',#249,.T.);
#47=FACE_BOUND('',#250,.T.);
#48=FACE_BOUND('',#251,.T.);
#49=FACE_BOUND('',#252,.T.);
#50=FACE_BOUND('',#256,.T.);
#51=FACE_BOUND('',#259,.T.);
#52=FACE_BOUND('',#262,.T.);
#53=FACE_BOUND('',#265,.T.);
#54=FACE_BOUND('',#313,.T.);
#55=FACE_BOUND('',#314,.T.);
#56=FACE_BOUND('',#315,.T.);
#57=FACE_BOUND('',#316,.T.);
#58=FACE_BOUND('',#317,.T.);
#59=FACE_BOUND('',#318,.T.);
#60=FACE_BOUND('',#319,.T.);
#61=FACE_BOUND('',#320,.T.);
#62=FACE_BOUND('',#321,.T.);
#63=FACE_BOUND('',#322,.T.);
#64=FACE_BOUND('',#323,.T.);
#65=FACE_BOUND('',#324,.T.);
#66=FACE_BOUND('',#325,.T.);
#67=FACE_BOUND('',#326,.T.);
#68=FACE_BOUND('',#327,.T.);
#69=FACE_BOUND('',#328,.T.);
#70=FACE_BOUND('',#329,.T.);
#71=FACE_BOUND('',#330,.T.);
#72=FACE_BOUND('',#331,.T.);
#73=FACE_BOUND('',#332,.T.);
#74=FACE_BOUND('',#333,.T.);
#75=FACE_BOUND('',#334,.T.);
#76=FACE_BOUND('',#335,.T.);
#77=FACE_BOUND('',#336,.T.);
#78=FACE_BOUND('',#337,.T.);
#79=FACE_BOUND('',#339,.T.);
#80=FACE_BOUND('',#340,.T.);
#81=FACE_BOUND('',#341,.T.);
#82=FACE_BOUND('',#342,.T.);
#83=FACE_BOUND('',#343,.T.);
#84=FACE_BOUND('',#344,.T.);
#85=FACE_BOUND('',#345,.T.);
#86=FACE_BOUND('',#346,.T.);
#87=FACE_BOUND('',#347,.T.);
#88=FACE_BOUND('',#348,.T.);
#89=FACE_BOUND('',#349,.T.);
#90=CIRCLE('',#1590,19.5);
#91=CIRCLE('',#1591,19.5);
#92=CIRCLE('',#1592,19.5);
#93=CIRCLE('',#1594,19.5);
#94=CIRCLE('',#1595,19.5);
#95=CIRCLE('',#1596,19.5);
#96=CIRCLE('',#1605,19.5);
#97=CIRCLE('',#1606,19.5);
#98=CIRCLE('',#1607,19.5);
#99=CIRCLE('',#1608,1.8);
#100=CIRCLE('',#1609,1.8);
#101=CIRCLE('',#1610,1.8);
#102=CIRCLE('',#1611,1.8);
#103=CIRCLE('',#1613,19.5);
#104=CIRCLE('',#1614,19.5);
#105=CIRCLE('',#1615,19.5);
#106=CIRCLE('',#1616,1.8);
#107=CIRCLE('',#1617,1.8);
#108=CIRCLE('',#1618,1.8);
#109=CIRCLE('',#1619,1.8);
#110=CIRCLE('',#1621,19.5);
#111=CIRCLE('',#1622,19.5);
#112=CIRCLE('',#1624,3.24999999999999);
#113=CIRCLE('',#1625,3.24999999999999);
#114=CIRCLE('',#1627,1.7);
#115=CIRCLE('',#1629,3.24999999999999);
#116=CIRCLE('',#1630,3.24999999999999);
#117=CIRCLE('',#1632,1.7);
#118=CIRCLE('',#1634,3.24999999999999);
#119=CIRCLE('',#1635,3.24999999999999);
#120=CIRCLE('',#1637,1.7);
#121=CIRCLE('',#1639,3.24999999999999);
#122=CIRCLE('',#1640,3.24999999999999);
#123=CIRCLE('',#1642,1.7);
#124=CIRCLE('',#1668,1.7);
#125=CIRCLE('',#1670,1.7);
#126=CIRCLE('',#1672,1.8);
#127=CIRCLE('',#1673,1.8);
#128=CIRCLE('',#1675,1.8);
#129=CIRCLE('',#1677,19.5);
#130=CIRCLE('',#1678,19.5);
#131=CIRCLE('',#1679,19.5);
#132=CIRCLE('',#1681,1.8);
#133=CIRCLE('',#1683,1.8);
#134=CIRCLE('',#1685,1.8);
#135=CIRCLE('',#1687,1.8);
#136=CIRCLE('',#1688,1.8);
#137=CIRCLE('',#1690,1.8);
#138=CIRCLE('',#1691,1.8);
#139=CIRCLE('',#1693,1.8);
#140=CIRCLE('',#1695,19.5);
#141=CIRCLE('',#1697,1.8);
#142=CIRCLE('',#1699,1.8);
#143=CIRCLE('',#1701,1.8);
#144=CIRCLE('',#1703,1.8);
#145=CIRCLE('',#1704,1.8);
#146=CIRCLE('',#1706,1.7);
#147=CIRCLE('',#1708,1.7);
#148=FACE_OUTER_BOUND('',#223,.T.);
#149=FACE_OUTER_BOUND('',#224,.T.);
#150=FACE_OUTER_BOUND('',#225,.T.);
#151=FACE_OUTER_BOUND('',#226,.T.);
#152=FACE_OUTER_BOUND('',#227,.T.);
#153=FACE_OUTER_BOUND('',#228,.T.);
#154=FACE_OUTER_BOUND('',#229,.T.);
#155=FACE_OUTER_BOUND('',#230,.T.);
#156=FACE_OUTER_BOUND('',#231,.T.);
#157=FACE_OUTER_BOUND('',#232,.T.);
#158=FACE_OUTER_BOUND('',#233,.T.);
#159=FACE_OUTER_BOUND('',#234,.T.);
#160=FACE_OUTER_BOUND('',#235,.T.);
#161=FACE_OUTER_BOUND('',#236,.T.);
#162=FACE_OUTER_BOUND('',#237,.T.);
#163=FACE_OUTER_BOUND('',#238,.T.);
#164=FACE_OUTER_BOUND('',#239,.T.);
#165=FACE_OUTER_BOUND('',#246,.T.);
#166=FACE_OUTER_BOUND('',#253,.T.);
#167=FACE_OUTER_BOUND('',#254,.T.);
#168=FACE_OUTER_BOUND('',#255,.T.);
#169=FACE_OUTER_BOUND('',#257,.T.);
#170=FACE_OUTER_BOUND('',#258,.T.);
#171=FACE_OUTER_BOUND('',#260,.T.);
#172=FACE_OUTER_BOUND('',#261,.T.);
#173=FACE_OUTER_BOUND('',#263,.T.);
#174=FACE_OUTER_BOUND('',#264,.T.);
#175=FACE_OUTER_BOUND('',#266,.T.);
#176=FACE_OUTER_BOUND('',#267,.T.);
#177=FACE_OUTER_BOUND('',#268,.T.);
#178=FACE_OUTER_BOUND('',#269,.T.);
#179=FACE_OUTER_BOUND('',#270,.T.);
#180=FACE_OUTER_BOUND('',#271,.T.);
#181=FACE_OUTER_BOUND('',#272,.T.);
#182=FACE_OUTER_BOUND('',#273,.T.);
#183=FACE_OUTER_BOUND('',#274,.T.);
#184=FACE_OUTER_BOUND('',#275,.T.);
#185=FACE_OUTER_BOUND('',#276,.T.);
#186=FACE_OUTER_BOUND('',#277,.T.);
#187=FACE_OUTER_BOUND('',#278,.T.);
#188=FACE_OUTER_BOUND('',#279,.T.);
#189=FACE_OUTER_BOUND('',#280,.T.);
#190=FACE_OUTER_BOUND('',#281,.T.);
#191=FACE_OUTER_BOUND('',#282,.T.);
#192=FACE_OUTER_BOUND('',#283,.T.);
#193=FACE_OUTER_BOUND('',#284,.T.);
#194=FACE_OUTER_BOUND('',#285,.T.);
#195=FACE_OUTER_BOUND('',#286,.T.);
#196=FACE_OUTER_BOUND('',#287,.T.);
#197=FACE_OUTER_BOUND('',#288,.T.);
#198=FACE_OUTER_BOUND('',#289,.T.);
#199=FACE_OUTER_BOUND('',#290,.T.);
#200=FACE_OUTER_BOUND('',#291,.T.);
#201=FACE_OUTER_BOUND('',#292,.T.);
#202=FACE_OUTER_BOUND('',#293,.T.);
#203=FACE_OUTER_BOUND('',#294,.T.);
#204=FACE_OUTER_BOUND('',#295,.T.);
#205=FACE_OUTER_BOUND('',#296,.T.);
#206=FACE_OUTER_BOUND('',#297,.T.);
#207=FACE_OUTER_BOUND('',#298,.T.);
#208=FACE_OUTER_BOUND('',#299,.T.);
#209=FACE_OUTER_BOUND('',#300,.T.);
#210=FACE_OUTER_BOUND('',#301,.T.);
#211=FACE_OUTER_BOUND('',#302,.T.);
#212=FACE_OUTER_BOUND('',#303,.T.);
#213=FACE_OUTER_BOUND('',#304,.T.);
#214=FACE_OUTER_BOUND('',#305,.T.);
#215=FACE_OUTER_BOUND('',#306,.T.);
#216=FACE_OUTER_BOUND('',#307,.T.);
#217=FACE_OUTER_BOUND('',#308,.T.);
#218=FACE_OUTER_BOUND('',#309,.T.);
#219=FACE_OUTER_BOUND('',#310,.T.);
#220=FACE_OUTER_BOUND('',#311,.T.);
#221=FACE_OUTER_BOUND('',#312,.T.);
#222=FACE_OUTER_BOUND('',#338,.T.);
#223=EDGE_LOOP('',(#1015,#1016,#1017,#1018));
#224=EDGE_LOOP('',(#1019,#1020,#1021,#1022));
#225=EDGE_LOOP('',(#1023,#1024,#1025,#1026));
#226=EDGE_LOOP('',(#1027,#1028,#1029,#1030));
#227=EDGE_LOOP('',(#1031,#1032,#1033,#1034));
#228=EDGE_LOOP('',(#1035,#1036,#1037,#1038));
#229=EDGE_LOOP('',(#1039,#1040,#1041,#1042));
#230=EDGE_LOOP('',(#1043,#1044,#1045,#1046,#1047,#1048,#1049,#1050,#1051,
#1052));
#231=EDGE_LOOP('',(#1053,#1054,#1055,#1056,#1057,#1058,#1059,#1060,#1061,
#1062));
#232=EDGE_LOOP('',(#1063,#1064,#1065,#1066));
#233=EDGE_LOOP('',(#1067,#1068,#1069,#1070));
#234=EDGE_LOOP('',(#1071,#1072,#1073,#1074));
#235=EDGE_LOOP('',(#1075,#1076,#1077,#1078));
#236=EDGE_LOOP('',(#1079,#1080,#1081,#1082));
#237=EDGE_LOOP('',(#1083,#1084,#1085,#1086));
#238=EDGE_LOOP('',(#1087,#1088,#1089,#1090));
#239=EDGE_LOOP('',(#1091,#1092,#1093,#1094,#1095));
#240=EDGE_LOOP('',(#1096,#1097,#1098,#1099));
#241=EDGE_LOOP('',(#1100,#1101,#1102,#1103));
#242=EDGE_LOOP('',(#1104));
#243=EDGE_LOOP('',(#1105));
#244=EDGE_LOOP('',(#1106));
#245=EDGE_LOOP('',(#1107));
#246=EDGE_LOOP('',(#1108,#1109,#1110,#1111,#1112));
#247=EDGE_LOOP('',(#1113,#1114,#1115,#1116));
#248=EDGE_LOOP('',(#1117,#1118,#1119,#1120));
#249=EDGE_LOOP('',(#1121));
#250=EDGE_LOOP('',(#1122));
#251=EDGE_LOOP('',(#1123));
#252=EDGE_LOOP('',(#1124));
#253=EDGE_LOOP('',(#1125,#1126,#1127,#1128,#1129,#1130,#1131,#1132,#1133,
#1134,#1135,#1136));
#254=EDGE_LOOP('',(#1137,#1138,#1139,#1140));
#255=EDGE_LOOP('',(#1141));
#256=EDGE_LOOP('',(#1142));
#257=EDGE_LOOP('',(#1143,#1144,#1145,#1146));
#258=EDGE_LOOP('',(#1147));
#259=EDGE_LOOP('',(#1148));
#260=EDGE_LOOP('',(#1149,#1150,#1151,#1152));
#261=EDGE_LOOP('',(#1153));
#262=EDGE_LOOP('',(#1154));
#263=EDGE_LOOP('',(#1155,#1156,#1157,#1158));
#264=EDGE_LOOP('',(#1159));
#265=EDGE_LOOP('',(#1160));
#266=EDGE_LOOP('',(#1161,#1162,#1163,#1164));
#267=EDGE_LOOP('',(#1165,#1166,#1167,#1168));
#268=EDGE_LOOP('',(#1169,#1170,#1171,#1172));
#269=EDGE_LOOP('',(#1173,#1174,#1175,#1176));
#270=EDGE_LOOP('',(#1177,#1178,#1179,#1180));
#271=EDGE_LOOP('',(#1181,#1182,#1183,#1184));
#272=EDGE_LOOP('',(#1185,#1186,#1187,#1188));
#273=EDGE_LOOP('',(#1189,#1190,#1191,#1192));
#274=EDGE_LOOP('',(#1193,#1194,#1195,#1196));
#275=EDGE_LOOP('',(#1197,#1198,#1199,#1200));
#276=EDGE_LOOP('',(#1201,#1202,#1203,#1204));
#277=EDGE_LOOP('',(#1205,#1206,#1207,#1208));
#278=EDGE_LOOP('',(#1209,#1210,#1211,#1212));
#279=EDGE_LOOP('',(#1213,#1214,#1215,#1216));
#280=EDGE_LOOP('',(#1217,#1218,#1219,#1220));
#281=EDGE_LOOP('',(#1221,#1222,#1223,#1224));
#282=EDGE_LOOP('',(#1225,#1226,#1227,#1228));
#283=EDGE_LOOP('',(#1229,#1230,#1231,#1232));
#284=EDGE_LOOP('',(#1233,#1234,#1235,#1236));
#285=EDGE_LOOP('',(#1237,#1238,#1239,#1240));
#286=EDGE_LOOP('',(#1241,#1242,#1243,#1244));
#287=EDGE_LOOP('',(#1245,#1246,#1247,#1248));
#288=EDGE_LOOP('',(#1249,#1250,#1251,#1252));
#289=EDGE_LOOP('',(#1253,#1254,#1255,#1256));
#290=EDGE_LOOP('',(#1257,#1258,#1259,#1260));
#291=EDGE_LOOP('',(#1261,#1262,#1263,#1264));
#292=EDGE_LOOP('',(#1265,#1266,#1267,#1268));
#293=EDGE_LOOP('',(#1269,#1270,#1271,#1272));
#294=EDGE_LOOP('',(#1273,#1274,#1275,#1276,#1277,#1278,#1279,#1280,#1281,
#1282,#1283,#1284));
#295=EDGE_LOOP('',(#1285,#1286,#1287,#1288));
#296=EDGE_LOOP('',(#1289,#1290,#1291,#1292));
#297=EDGE_LOOP('',(#1293,#1294,#1295,#1296));
#298=EDGE_LOOP('',(#1297,#1298,#1299,#1300));
#299=EDGE_LOOP('',(#1301,#1302,#1303,#1304));
#300=EDGE_LOOP('',(#1305,#1306,#1307,#1308));
#301=EDGE_LOOP('',(#1309,#1310,#1311,#1312,#1313,#1314,#1315,#1316,#1317,
#1318,#1319,#1320));
#302=EDGE_LOOP('',(#1321,#1322,#1323,#1324));
#303=EDGE_LOOP('',(#1325,#1326,#1327,#1328));
#304=EDGE_LOOP('',(#1329,#1330,#1331,#1332));
#305=EDGE_LOOP('',(#1333,#1334,#1335,#1336));
#306=EDGE_LOOP('',(#1337,#1338,#1339,#1340));
#307=EDGE_LOOP('',(#1341,#1342,#1343,#1344));
#308=EDGE_LOOP('',(#1345,#1346,#1347,#1348));
#309=EDGE_LOOP('',(#1349,#1350,#1351,#1352));
#310=EDGE_LOOP('',(#1353,#1354,#1355,#1356));
#311=EDGE_LOOP('',(#1357,#1358,#1359,#1360));
#312=EDGE_LOOP('',(#1361,#1362,#1363,#1364));
#313=EDGE_LOOP('',(#1365,#1366,#1367,#1368));
#314=EDGE_LOOP('',(#1369,#1370,#1371,#1372));
#315=EDGE_LOOP('',(#1373,#1374,#1375,#1376));
#316=EDGE_LOOP('',(#1377,#1378,#1379,#1380));
#317=EDGE_LOOP('',(#1381,#1382,#1383,#1384));
#318=EDGE_LOOP('',(#1385,#1386,#1387,#1388));
#319=EDGE_LOOP('',(#1389));
#320=EDGE_LOOP('',(#1390));
#321=EDGE_LOOP('',(#1391));
#322=EDGE_LOOP('',(#1392));
#323=EDGE_LOOP('',(#1393));
#324=EDGE_LOOP('',(#1394));
#325=EDGE_LOOP('',(#1395));
#326=EDGE_LOOP('',(#1396));
#327=EDGE_LOOP('',(#1397));
#328=EDGE_LOOP('',(#1398));
#329=EDGE_LOOP('',(#1399));
#330=EDGE_LOOP('',(#1400));
#331=EDGE_LOOP('',(#1401));
#332=EDGE_LOOP('',(#1402));
#333=EDGE_LOOP('',(#1403));
#334=EDGE_LOOP('',(#1404));
#335=EDGE_LOOP('',(#1405));
#336=EDGE_LOOP('',(#1406));
#337=EDGE_LOOP('',(#1407));
#338=EDGE_LOOP('',(#1408,#1409,#1410,#1411));
#339=EDGE_LOOP('',(#1412,#1413,#1414,#1415));
#340=EDGE_LOOP('',(#1416,#1417,#1418,#1419));
#341=EDGE_LOOP('',(#1420));
#342=EDGE_LOOP('',(#1421));
#343=EDGE_LOOP('',(#1422));
#344=EDGE_LOOP('',(#1423));
#345=EDGE_LOOP('',(#1424));
#346=EDGE_LOOP('',(#1425));
#347=EDGE_LOOP('',(#1426));
#348=EDGE_LOOP('',(#1427));
#349=EDGE_LOOP('',(#1428,#1429,#1430,#1431,#1432,#1433,#1434,#1435,#1436,
#1437,#1438,#1439,#1440));
#350=LINE('',#2142,#505);
#351=LINE('',#2144,#506);
#352=LINE('',#2146,#507);
#353=LINE('',#2147,#508);
#354=LINE('',#2151,#509);
#355=LINE('',#2153,#510);
#356=LINE('',#2155,#511);
#357=LINE('',#2156,#512);
#358=LINE('',#2160,#513);
#359=LINE('',#2162,#514);
#360=LINE('',#2164,#515);
#361=LINE('',#2165,#516);
#362=LINE('',#2169,#517);
#363=LINE('',#2171,#518);
#364=LINE('',#2173,#519);
#365=LINE('',#2174,#520);
#366=LINE('',#2177,#521);
#367=LINE('',#2179,#522);
#368=LINE('',#2180,#523);
#369=LINE('',#2183,#524);
#370=LINE('',#2185,#525);
#371=LINE('',#2186,#526);
#372=LINE('',#2188,#527);
#373=LINE('',#2189,#528);
#374=LINE('',#2199,#529);
#375=LINE('',#2201,#530);
#376=LINE('',#2203,#531);
#377=LINE('',#2205,#532);
#378=LINE('',#2207,#533);
#379=LINE('',#2211,#534);
#380=LINE('',#2214,#535);
#381=LINE('',#2217,#536);
#382=LINE('',#2219,#537);
#383=LINE('',#2220,#538);
#384=LINE('',#2223,#539);
#385=LINE('',#2225,#540);
#386=LINE('',#2226,#541);
#387=LINE('',#2229,#542);
#388=LINE('',#2231,#543);
#389=LINE('',#2232,#544);
#390=LINE('',#2236,#545);
#391=LINE('',#2237,#546);
#392=LINE('',#2238,#547);
#393=LINE('',#2240,#548);
#394=LINE('',#2243,#549);
#395=LINE('',#2245,#550);
#396=LINE('',#2246,#551);
#397=LINE('',#2248,#552);
#398=LINE('',#2256,#553);
#399=LINE('',#2258,#554);
#400=LINE('',#2260,#555);
#401=LINE('',#2261,#556);
#402=LINE('',#2264,#557);
#403=LINE('',#2266,#558);
#404=LINE('',#2268,#559);
#405=LINE('',#2269,#560);
#406=LINE('',#2285,#561);
#407=LINE('',#2287,#562);
#408=LINE('',#2289,#563);
#409=LINE('',#2290,#564);
#410=LINE('',#2293,#565);
#411=LINE('',#2295,#566);
#412=LINE('',#2297,#567);
#413=LINE('',#2298,#568);
#414=LINE('',#2309,#569);
#415=LINE('',#2316,#570);
#416=LINE('',#2325,#571);
#417=LINE('',#2334,#572);
#418=LINE('',#2343,#573);
#419=LINE('',#2351,#574);
#420=LINE('',#2353,#575);
#421=LINE('',#2355,#576);
#422=LINE('',#2356,#577);
#423=LINE('',#2359,#578);
#424=LINE('',#2361,#579);
#425=LINE('',#2362,#580);
#426=LINE('',#2365,#581);
#427=LINE('',#2367,#582);
#428=LINE('',#2368,#583);
#429=LINE('',#2370,#584);
#430=LINE('',#2371,#585);
#431=LINE('',#2374,#586);
#432=LINE('',#2376,#587);
#433=LINE('',#2377,#588);
#434=LINE('',#2380,#589);
#435=LINE('',#2381,#590);
#436=LINE('',#2384,#591);
#437=LINE('',#2385,#592);
#438=LINE('',#2387,#593);
#439=LINE('',#2390,#594);
#440=LINE('',#2392,#595);
#441=LINE('',#2393,#596);
#442=LINE('',#2396,#597);
#443=LINE('',#2397,#598);
#444=LINE('',#2400,#599);
#445=LINE('',#2401,#600);
#446=LINE('',#2403,#601);
#447=LINE('',#2406,#602);
#448=LINE('',#2408,#603);
#449=LINE('',#2409,#604);
#450=LINE('',#2412,#605);
#451=LINE('',#2413,#606);
#452=LINE('',#2416,#607);
#453=LINE('',#2417,#608);
#454=LINE('',#2419,#609);
#455=LINE('',#2422,#610);
#456=LINE('',#2424,#611);
#457=LINE('',#2425,#612);
#458=LINE('',#2428,#613);
#459=LINE('',#2429,#614);
#460=LINE('',#2432,#615);
#461=LINE('',#2433,#616);
#462=LINE('',#2435,#617);
#463=LINE('',#2439,#618);
#464=LINE('',#2441,#619);
#465=LINE('',#2443,#620);
#466=LINE('',#2444,#621);
#467=LINE('',#2447,#622);
#468=LINE('',#2449,#623);
#469=LINE('',#2450,#624);
#470=LINE('',#2453,#625);
#471=LINE('',#2455,#626);
#472=LINE('',#2456,#627);
#473=LINE('',#2458,#628);
#474=LINE('',#2459,#629);
#475=LINE('',#2463,#630);
#476=LINE('',#2467,#631);
#477=LINE('',#2472,#632);
#478=LINE('',#2476,#633);
#479=LINE('',#2482,#634);
#480=LINE('',#2487,#635);
#481=LINE('',#2491,#636);
#482=LINE('',#2495,#637);
#483=LINE('',#2501,#638);
#484=LINE('',#2507,#639);
#485=LINE('',#2511,#640);
#486=LINE('',#2515,#641);
#487=LINE('',#2519,#642);
#488=LINE('',#2523,#643);
#489=LINE('',#2527,#644);
#490=LINE('',#2533,#645);
#491=LINE('',#2538,#646);
#492=LINE('',#2542,#647);
#493=LINE('',#2546,#648);
#494=LINE('',#2548,#649);
#495=LINE('',#2550,#650);
#496=LINE('',#2551,#651);
#497=LINE('',#2554,#652);
#498=LINE('',#2556,#653);
#499=LINE('',#2557,#654);
#500=LINE('',#2560,#655);
#501=LINE('',#2562,#656);
#502=LINE('',#2563,#657);
#503=LINE('',#2565,#658);
#504=LINE('',#2566,#659);
#505=VECTOR('',#1719,10.);
#506=VECTOR('',#1720,10.);
#507=VECTOR('',#1721,10.);
#508=VECTOR('',#1722,10.);
#509=VECTOR('',#1725,10.);
#510=VECTOR('',#1726,10.);
#511=VECTOR('',#1727,10.);
#512=VECTOR('',#1728,10.);
#513=VECTOR('',#1731,10.);
#514=VECTOR('',#1732,10.);
#515=VECTOR('',#1733,10.);
#516=VECTOR('',#1734,10.);
#517=VECTOR('',#1737,10.);
#518=VECTOR('',#1738,10.);
#519=VECTOR('',#1739,10.);
#520=VECTOR('',#1740,10.);
#521=VECTOR('',#1743,10.);
#522=VECTOR('',#1744,10.);
#523=VECTOR('',#1745,10.);
#524=VECTOR('',#1748,10.);
#525=VECTOR('',#1749,10.);
#526=VECTOR('',#1750,10.);
#527=VECTOR('',#1753,10.);
#528=VECTOR('',#1754,10.);
#529=VECTOR('',#1767,10.);
#530=VECTOR('',#1768,10.);
#531=VECTOR('',#1769,10.);
#532=VECTOR('',#1770,10.);
#533=VECTOR('',#1771,10.);
#534=VECTOR('',#1774,10.);
#535=VECTOR('',#1777,10.);
#536=VECTOR('',#1780,10.);
#537=VECTOR('',#1781,10.);
#538=VECTOR('',#1782,10.);
#539=VECTOR('',#1785,10.);
#540=VECTOR('',#1786,10.);
#541=VECTOR('',#1787,10.);
#542=VECTOR('',#1790,10.);
#543=VECTOR('',#1791,10.);
#544=VECTOR('',#1792,10.);
#545=VECTOR('',#1795,10.);
#546=VECTOR('',#1796,10.);
#547=VECTOR('',#1797,10.);
#548=VECTOR('',#1800,10.);
#549=VECTOR('',#1803,10.);
#550=VECTOR('',#1804,10.);
#551=VECTOR('',#1805,10.);
#552=VECTOR('',#1808,10.);
#553=VECTOR('',#1817,10.);
#554=VECTOR('',#1818,10.);
#555=VECTOR('',#1819,10.);
#556=VECTOR('',#1820,10.);
#557=VECTOR('',#1821,10.);
#558=VECTOR('',#1822,10.);
#559=VECTOR('',#1823,10.);
#560=VECTOR('',#1824,10.);
#561=VECTOR('',#1841,10.);
#562=VECTOR('',#1842,10.);
#563=VECTOR('',#1843,10.);
#564=VECTOR('',#1844,10.);
#565=VECTOR('',#1845,10.);
#566=VECTOR('',#1846,10.);
#567=VECTOR('',#1847,10.);
#568=VECTOR('',#1848,10.);
#569=VECTOR('',#1859,19.5);
#570=VECTOR('',#1868,3.24999999999999);
#571=VECTOR('',#1879,3.24999999999999);
#572=VECTOR('',#1890,3.24999999999999);
#573=VECTOR('',#1901,3.24999999999999);
#574=VECTOR('',#1910,10.);
#575=VECTOR('',#1911,10.);
#576=VECTOR('',#1912,10.);
#577=VECTOR('',#1913,10.);
#578=VECTOR('',#1916,10.);
#579=VECTOR('',#1917,10.);
#580=VECTOR('',#1918,10.);
#581=VECTOR('',#1921,10.);
#582=VECTOR('',#1922,10.);
#583=VECTOR('',#1923,10.);
#584=VECTOR('',#1926,10.);
#585=VECTOR('',#1927,10.);
#586=VECTOR('',#1930,10.);
#587=VECTOR('',#1931,10.);
#588=VECTOR('',#1932,10.);
#589=VECTOR('',#1935,10.);
#590=VECTOR('',#1936,10.);
#591=VECTOR('',#1939,10.);
#592=VECTOR('',#1940,10.);
#593=VECTOR('',#1943,10.);
#594=VECTOR('',#1946,10.);
#595=VECTOR('',#1947,10.);
#596=VECTOR('',#1948,10.);
#597=VECTOR('',#1951,10.);
#598=VECTOR('',#1952,10.);
#599=VECTOR('',#1955,10.);
#600=VECTOR('',#1956,10.);
#601=VECTOR('',#1959,10.);
#602=VECTOR('',#1962,10.);
#603=VECTOR('',#1963,10.);
#604=VECTOR('',#1964,10.);
#605=VECTOR('',#1967,10.);
#606=VECTOR('',#1968,10.);
#607=VECTOR('',#1971,10.);
#608=VECTOR('',#1972,10.);
#609=VECTOR('',#1975,10.);
#610=VECTOR('',#1978,10.);
#611=VECTOR('',#1979,10.);
#612=VECTOR('',#1980,10.);
#613=VECTOR('',#1983,10.);
#614=VECTOR('',#1984,10.);
#615=VECTOR('',#1987,10.);
#616=VECTOR('',#1988,10.);
#617=VECTOR('',#1991,10.);
#618=VECTOR('',#1994,10.);
#619=VECTOR('',#1995,10.);
#620=VECTOR('',#1996,10.);
#621=VECTOR('',#1997,10.);
#622=VECTOR('',#2000,10.);
#623=VECTOR('',#2001,10.);
#624=VECTOR('',#2002,10.);
#625=VECTOR('',#2005,10.);
#626=VECTOR('',#2006,10.);
#627=VECTOR('',#2007,10.);
#628=VECTOR('',#2010,10.);
#629=VECTOR('',#2011,10.);
#630=VECTOR('',#2016,1.7);
#631=VECTOR('',#2021,1.7);
#632=VECTOR('',#2026,1.8);
#633=VECTOR('',#2031,1.8);
#634=VECTOR('',#2038,19.5);
#635=VECTOR('',#2045,1.8);
#636=VECTOR('',#2050,1.8);
#637=VECTOR('',#2055,1.8);
#638=VECTOR('',#2062,1.8);
#639=VECTOR('',#2069,1.8);
#640=VECTOR('',#2074,1.8);
#641=VECTOR('',#2079,19.5);
#642=VECTOR('',#2084,1.8);
#643=VECTOR('',#2089,1.8);
#644=VECTOR('',#2094,1.8);
#645=VECTOR('',#2101,1.8);
#646=VECTOR('',#2108,1.7);
#647=VECTOR('',#2113,1.7);
#648=VECTOR('',#2116,10.);
#649=VECTOR('',#2117,10.);
#650=VECTOR('',#2118,10.);
#651=VECTOR('',#2119,10.);
#652=VECTOR('',#2122,10.);
#653=VECTOR('',#2123,10.);
#654=VECTOR('',#2124,10.);
#655=VECTOR('',#2127,10.);
#656=VECTOR('',#2128,10.);
#657=VECTOR('',#2129,10.);
#658=VECTOR('',#2132,10.);
#659=VECTOR('',#2133,10.);
#660=VERTEX_POINT('',#2140);
#661=VERTEX_POINT('',#2141);
#662=VERTEX_POINT('',#2143);
#663=VERTEX_POINT('',#2145);
#664=VERTEX_POINT('',#2149);
#665=VERTEX_POINT('',#2150);
#666=VERTEX_POINT('',#2152);
#667=VERTEX_POINT('',#2154);
#668=VERTEX_POINT('',#2158);
#669=VERTEX_POINT('',#2159);
#670=VERTEX_POINT('',#2161);
#671=VERTEX_POINT('',#2163);
#672=VERTEX_POINT('',#2167);
#673=VERTEX_POINT('',#2168);
#674=VERTEX_POINT('',#2170);
#675=VERTEX_POINT('',#2172);
#676=VERTEX_POINT('',#2176);
#677=VERTEX_POINT('',#2178);
#678=VERTEX_POINT('',#2182);
#679=VERTEX_POINT('',#2184);
#680=VERTEX_POINT('',#2195);
#681=VERTEX_POINT('',#2196);
#682=VERTEX_POINT('',#2198);
#683=VERTEX_POINT('',#2200);
#684=VERTEX_POINT('',#2202);
#685=VERTEX_POINT('',#2204);
#686=VERTEX_POINT('',#2206);
#687=VERTEX_POINT('',#2208);
#688=VERTEX_POINT('',#2210);
#689=VERTEX_POINT('',#2212);
#690=VERTEX_POINT('',#2216);
#691=VERTEX_POINT('',#2218);
#692=VERTEX_POINT('',#2222);
#693=VERTEX_POINT('',#2224);
#694=VERTEX_POINT('',#2228);
#695=VERTEX_POINT('',#2230);
#696=VERTEX_POINT('',#2234);
#697=VERTEX_POINT('',#2235);
#698=VERTEX_POINT('',#2242);
#699=VERTEX_POINT('',#2244);
#700=VERTEX_POINT('',#2251);
#701=VERTEX_POINT('',#2254);
#702=VERTEX_POINT('',#2255);
#703=VERTEX_POINT('',#2257);
#704=VERTEX_POINT('',#2259);
#705=VERTEX_POINT('',#2262);
#706=VERTEX_POINT('',#2263);
#707=VERTEX_POINT('',#2265);
#708=VERTEX_POINT('',#2267);
#709=VERTEX_POINT('',#2270);
#710=VERTEX_POINT('',#2272);
#711=VERTEX_POINT('',#2274);
#712=VERTEX_POINT('',#2276);
#713=VERTEX_POINT('',#2280);
#714=VERTEX_POINT('',#2283);
#715=VERTEX_POINT('',#2284);
#716=VERTEX_POINT('',#2286);
#717=VERTEX_POINT('',#2288);
#718=VERTEX_POINT('',#2291);
#719=VERTEX_POINT('',#2292);
#720=VERTEX_POINT('',#2294);
#721=VERTEX_POINT('',#2296);
#722=VERTEX_POINT('',#2299);
#723=VERTEX_POINT('',#2301);
#724=VERTEX_POINT('',#2303);
#725=VERTEX_POINT('',#2305);
#726=VERTEX_POINT('',#2308);
#727=VERTEX_POINT('',#2313);
#728=VERTEX_POINT('',#2315);
#729=VERTEX_POINT('',#2319);
#730=VERTEX_POINT('',#2322);
#731=VERTEX_POINT('',#2324);
#732=VERTEX_POINT('',#2328);
#733=VERTEX_POINT('',#2331);
#734=VERTEX_POINT('',#2333);
#735=VERTEX_POINT('',#2337);
#736=VERTEX_POINT('',#2340);
#737=VERTEX_POINT('',#2342);
#738=VERTEX_POINT('',#2346);
#739=VERTEX_POINT('',#2349);
#740=VERTEX_POINT('',#2350);
#741=VERTEX_POINT('',#2352);
#742=VERTEX_POINT('',#2354);
#743=VERTEX_POINT('',#2358);
#744=VERTEX_POINT('',#2360);
#745=VERTEX_POINT('',#2364);
#746=VERTEX_POINT('',#2366);
#747=VERTEX_POINT('',#2373);
#748=VERTEX_POINT('',#2375);
#749=VERTEX_POINT('',#2379);
#750=VERTEX_POINT('',#2383);
#751=VERTEX_POINT('',#2389);
#752=VERTEX_POINT('',#2391);
#753=VERTEX_POINT('',#2395);
#754=VERTEX_POINT('',#2399);
#755=VERTEX_POINT('',#2405);
#756=VERTEX_POINT('',#2407);
#757=VERTEX_POINT('',#2411);
#758=VERTEX_POINT('',#2415);
#759=VERTEX_POINT('',#2421);
#760=VERTEX_POINT('',#2423);
#761=VERTEX_POINT('',#2427);
#762=VERTEX_POINT('',#2431);
#763=VERTEX_POINT('',#2437);
#764=VERTEX_POINT('',#2438);
#765=VERTEX_POINT('',#2440);
#766=VERTEX_POINT('',#2442);
#767=VERTEX_POINT('',#2446);
#768=VERTEX_POINT('',#2448);
#769=VERTEX_POINT('',#2452);
#770=VERTEX_POINT('',#2454);
#771=VERTEX_POINT('',#2461);
#772=VERTEX_POINT('',#2465);
#773=VERTEX_POINT('',#2469);
#774=VERTEX_POINT('',#2471);
#775=VERTEX_POINT('',#2475);
#776=VERTEX_POINT('',#2479);
#777=VERTEX_POINT('',#2481);
#778=VERTEX_POINT('',#2486);
#779=VERTEX_POINT('',#2490);
#780=VERTEX_POINT('',#2494);
#781=VERTEX_POINT('',#2498);
#782=VERTEX_POINT('',#2500);
#783=VERTEX_POINT('',#2504);
#784=VERTEX_POINT('',#2506);
#785=VERTEX_POINT('',#2510);
#786=VERTEX_POINT('',#2514);
#787=VERTEX_POINT('',#2518);
#788=VERTEX_POINT('',#2522);
#789=VERTEX_POINT('',#2526);
#790=VERTEX_POINT('',#2530);
#791=VERTEX_POINT('',#2532);
#792=VERTEX_POINT('',#2536);
#793=VERTEX_POINT('',#2540);
#794=VERTEX_POINT('',#2544);
#795=VERTEX_POINT('',#2545);
#796=VERTEX_POINT('',#2547);
#797=VERTEX_POINT('',#2549);
#798=VERTEX_POINT('',#2553);
#799=VERTEX_POINT('',#2555);
#800=VERTEX_POINT('',#2559);
#801=VERTEX_POINT('',#2561);
#802=EDGE_CURVE('',#660,#661,#350,.T.);
#803=EDGE_CURVE('',#662,#660,#351,.T.);
#804=EDGE_CURVE('',#662,#663,#352,.T.);
#805=EDGE_CURVE('',#663,#661,#353,.T.);
#806=EDGE_CURVE('',#664,#665,#354,.T.);
#807=EDGE_CURVE('',#666,#664,#355,.T.);
#808=EDGE_CURVE('',#667,#666,#356,.T.);
#809=EDGE_CURVE('',#667,#665,#357,.T.);
#810=EDGE_CURVE('',#668,#669,#358,.T.);
#811=EDGE_CURVE('',#670,#668,#359,.T.);
#812=EDGE_CURVE('',#671,#670,#360,.T.);
#813=EDGE_CURVE('',#671,#669,#361,.T.);
#814=EDGE_CURVE('',#672,#673,#362,.T.);
#815=EDGE_CURVE('',#672,#674,#363,.T.);
#816=EDGE_CURVE('',#675,#674,#364,.T.);
#817=EDGE_CURVE('',#673,#675,#365,.T.);
#818=EDGE_CURVE('',#676,#662,#366,.T.);
#819=EDGE_CURVE('',#676,#677,#367,.T.);
#820=EDGE_CURVE('',#677,#663,#368,.T.);
#821=EDGE_CURVE('',#678,#676,#369,.T.);
#822=EDGE_CURVE('',#678,#679,#370,.T.);
#823=EDGE_CURVE('',#679,#677,#371,.T.);
#824=EDGE_CURVE('',#675,#678,#372,.T.);
#825=EDGE_CURVE('',#674,#679,#373,.T.);
#826=EDGE_CURVE('',#669,#672,#90,.T.);
#827=EDGE_CURVE('',#665,#671,#91,.T.);
#828=EDGE_CURVE('',#661,#667,#92,.T.);
#829=EDGE_CURVE('',#680,#681,#93,.T.);
#830=EDGE_CURVE('',#682,#680,#374,.T.);
#831=EDGE_CURVE('',#683,#682,#375,.T.);
#832=EDGE_CURVE('',#684,#683,#376,.T.);
#833=EDGE_CURVE('',#685,#684,#377,.T.);
#834=EDGE_CURVE('',#686,#685,#378,.T.);
#835=EDGE_CURVE('',#687,#686,#94,.T.);
#836=EDGE_CURVE('',#688,#687,#379,.T.);
#837=EDGE_CURVE('',#689,#688,#95,.T.);
#838=EDGE_CURVE('',#681,#689,#380,.T.);
#839=EDGE_CURVE('',#686,#690,#381,.T.);
#840=EDGE_CURVE('',#691,#685,#382,.T.);
#841=EDGE_CURVE('',#690,#691,#383,.T.);
#842=EDGE_CURVE('',#688,#692,#384,.T.);
#843=EDGE_CURVE('',#693,#687,#385,.T.);
#844=EDGE_CURVE('',#692,#693,#386,.T.);
#845=EDGE_CURVE('',#681,#694,#387,.T.);
#846=EDGE_CURVE('',#695,#689,#388,.T.);
#847=EDGE_CURVE('',#694,#695,#389,.T.);
#848=EDGE_CURVE('',#696,#697,#390,.T.);
#849=EDGE_CURVE('',#696,#684,#391,.T.);
#850=EDGE_CURVE('',#697,#683,#392,.T.);
#851=EDGE_CURVE('',#691,#696,#393,.T.);
#852=EDGE_CURVE('',#698,#680,#394,.T.);
#853=EDGE_CURVE('',#699,#698,#395,.T.);
#854=EDGE_CURVE('',#699,#682,#396,.T.);
#855=EDGE_CURVE('',#697,#699,#397,.T.);
#856=EDGE_CURVE('',#664,#692,#96,.T.);
#857=EDGE_CURVE('',#693,#700,#97,.T.);
#858=EDGE_CURVE('',#700,#666,#98,.T.);
#859=EDGE_CURVE('',#701,#702,#398,.T.);
#860=EDGE_CURVE('',#702,#703,#399,.T.);
#861=EDGE_CURVE('',#703,#704,#400,.T.);
#862=EDGE_CURVE('',#704,#701,#401,.T.);
#863=EDGE_CURVE('',#705,#706,#402,.T.);
#864=EDGE_CURVE('',#706,#707,#403,.T.);
#865=EDGE_CURVE('',#707,#708,#404,.T.);
#866=EDGE_CURVE('',#708,#705,#405,.T.);
#867=EDGE_CURVE('',#709,#709,#99,.T.);
#868=EDGE_CURVE('',#710,#710,#100,.T.);
#869=EDGE_CURVE('',#711,#711,#101,.T.);
#870=EDGE_CURVE('',#712,#712,#102,.T.);
#871=EDGE_CURVE('',#668,#694,#103,.T.);
#872=EDGE_CURVE('',#695,#713,#104,.T.);
#873=EDGE_CURVE('',#713,#670,#105,.T.);
#874=EDGE_CURVE('',#714,#715,#406,.T.);
#875=EDGE_CURVE('',#715,#716,#407,.T.);
#876=EDGE_CURVE('',#716,#717,#408,.T.);
#877=EDGE_CURVE('',#717,#714,#409,.T.);
#878=EDGE_CURVE('',#718,#719,#410,.T.);
#879=EDGE_CURVE('',#719,#720,#411,.T.);
#880=EDGE_CURVE('',#720,#721,#412,.T.);
#881=EDGE_CURVE('',#721,#718,#413,.T.);
#882=EDGE_CURVE('',#722,#722,#106,.T.);
#883=EDGE_CURVE('',#723,#723,#107,.T.);
#884=EDGE_CURVE('',#724,#724,#108,.T.);
#885=EDGE_CURVE('',#725,#725,#109,.T.);
#886=EDGE_CURVE('',#700,#726,#414,.T.);
#887=EDGE_CURVE('',#726,#726,#110,.T.);
#888=EDGE_CURVE('',#660,#690,#111,.T.);
#889=EDGE_CURVE('',#727,#727,#112,.T.);
#890=EDGE_CURVE('',#727,#728,#415,.T.);
#891=EDGE_CURVE('',#728,#728,#113,.T.);
#892=EDGE_CURVE('',#729,#729,#114,.T.);
#893=EDGE_CURVE('',#730,#730,#115,.T.);
#894=EDGE_CURVE('',#730,#731,#416,.T.);
#895=EDGE_CURVE('',#731,#731,#116,.T.);
#896=EDGE_CURVE('',#732,#732,#117,.T.);
#897=EDGE_CURVE('',#733,#733,#118,.T.);
#898=EDGE_CURVE('',#733,#734,#417,.T.);
#899=EDGE_CURVE('',#734,#734,#119,.T.);
#900=EDGE_CURVE('',#735,#735,#120,.T.);
#901=EDGE_CURVE('',#736,#736,#121,.T.);
#902=EDGE_CURVE('',#736,#737,#418,.T.);
#903=EDGE_CURVE('',#737,#737,#122,.T.);
#904=EDGE_CURVE('',#738,#738,#123,.T.);
#905=EDGE_CURVE('',#739,#740,#419,.T.);
#906=EDGE_CURVE('',#739,#741,#420,.T.);
#907=EDGE_CURVE('',#742,#741,#421,.T.);
#908=EDGE_CURVE('',#740,#742,#422,.T.);
#909=EDGE_CURVE('',#743,#739,#423,.T.);
#910=EDGE_CURVE('',#743,#744,#424,.T.);
#911=EDGE_CURVE('',#741,#744,#425,.T.);
#912=EDGE_CURVE('',#745,#743,#426,.T.);
#913=EDGE_CURVE('',#745,#746,#427,.T.);
#914=EDGE_CURVE('',#744,#746,#428,.T.);
#915=EDGE_CURVE('',#740,#745,#429,.T.);
#916=EDGE_CURVE('',#746,#742,#430,.T.);
#917=EDGE_CURVE('',#714,#747,#431,.T.);
#918=EDGE_CURVE('',#748,#747,#432,.T.);
#919=EDGE_CURVE('',#715,#748,#433,.T.);
#920=EDGE_CURVE('',#717,#749,#434,.T.);
#921=EDGE_CURVE('',#747,#749,#435,.T.);
#922=EDGE_CURVE('',#716,#750,#436,.T.);
#923=EDGE_CURVE('',#749,#750,#437,.T.);
#924=EDGE_CURVE('',#750,#748,#438,.T.);
#925=EDGE_CURVE('',#718,#751,#439,.T.);
#926=EDGE_CURVE('',#752,#751,#440,.T.);
#927=EDGE_CURVE('',#719,#752,#441,.T.);
#928=EDGE_CURVE('',#721,#753,#442,.T.);
#929=EDGE_CURVE('',#751,#753,#443,.T.);
#930=EDGE_CURVE('',#720,#754,#444,.T.);
#931=EDGE_CURVE('',#753,#754,#445,.T.);
#932=EDGE_CURVE('',#754,#752,#446,.T.);
#933=EDGE_CURVE('',#701,#755,#447,.T.);
#934=EDGE_CURVE('',#756,#755,#448,.T.);
#935=EDGE_CURVE('',#702,#756,#449,.T.);
#936=EDGE_CURVE('',#704,#757,#450,.T.);
#937=EDGE_CURVE('',#755,#757,#451,.T.);
#938=EDGE_CURVE('',#703,#758,#452,.T.);
#939=EDGE_CURVE('',#757,#758,#453,.T.);
#940=EDGE_CURVE('',#758,#756,#454,.T.);
#941=EDGE_CURVE('',#705,#759,#455,.T.);
#942=EDGE_CURVE('',#760,#759,#456,.T.);
#943=EDGE_CURVE('',#706,#760,#457,.T.);
#944=EDGE_CURVE('',#708,#761,#458,.T.);
#945=EDGE_CURVE('',#759,#761,#459,.T.);
#946=EDGE_CURVE('',#707,#762,#460,.T.);
#947=EDGE_CURVE('',#761,#762,#461,.T.);
#948=EDGE_CURVE('',#762,#760,#462,.T.);
#949=EDGE_CURVE('',#763,#764,#463,.T.);
#950=EDGE_CURVE('',#763,#765,#464,.T.);
#951=EDGE_CURVE('',#766,#765,#465,.T.);
#952=EDGE_CURVE('',#764,#766,#466,.T.);
#953=EDGE_CURVE('',#767,#763,#467,.T.);
#954=EDGE_CURVE('',#767,#768,#468,.T.);
#955=EDGE_CURVE('',#765,#768,#469,.T.);
#956=EDGE_CURVE('',#769,#767,#470,.T.);
#957=EDGE_CURVE('',#769,#770,#471,.T.);
#958=EDGE_CURVE('',#768,#770,#472,.T.);
#959=EDGE_CURVE('',#764,#769,#473,.T.);
#960=EDGE_CURVE('',#770,#766,#474,.T.);
#961=EDGE_CURVE('',#771,#771,#124,.T.);
#962=EDGE_CURVE('',#771,#729,#475,.T.);
#963=EDGE_CURVE('',#772,#772,#125,.T.);
#964=EDGE_CURVE('',#772,#735,#476,.T.);
#965=EDGE_CURVE('',#773,#773,#126,.T.);
#966=EDGE_CURVE('',#773,#774,#477,.T.);
#967=EDGE_CURVE('',#774,#774,#127,.T.);
#968=EDGE_CURVE('',#712,#775,#478,.T.);
#969=EDGE_CURVE('',#775,#775,#128,.T.);
#970=EDGE_CURVE('',#776,#673,#129,.T.);
#971=EDGE_CURVE('',#776,#777,#479,.T.);
#972=EDGE_CURVE('',#777,#777,#130,.T.);
#973=EDGE_CURVE('',#698,#776,#131,.T.);
#974=EDGE_CURVE('',#711,#778,#480,.T.);
#975=EDGE_CURVE('',#778,#778,#132,.T.);
#976=EDGE_CURVE('',#725,#779,#481,.T.);
#977=EDGE_CURVE('',#779,#779,#133,.T.);
#978=EDGE_CURVE('',#724,#780,#482,.T.);
#979=EDGE_CURVE('',#780,#780,#134,.T.);
#980=EDGE_CURVE('',#781,#781,#135,.T.);
#981=EDGE_CURVE('',#781,#782,#483,.T.);
#982=EDGE_CURVE('',#782,#782,#136,.T.);
#983=EDGE_CURVE('',#783,#783,#137,.T.);
#984=EDGE_CURVE('',#783,#784,#484,.T.);
#985=EDGE_CURVE('',#784,#784,#138,.T.);
#986=EDGE_CURVE('',#723,#785,#485,.T.);
#987=EDGE_CURVE('',#785,#785,#139,.T.);
#988=EDGE_CURVE('',#713,#786,#486,.T.);
#989=EDGE_CURVE('',#786,#786,#140,.T.);
#990=EDGE_CURVE('',#722,#787,#487,.T.);
#991=EDGE_CURVE('',#787,#787,#141,.T.);
#992=EDGE_CURVE('',#710,#788,#488,.T.);
#993=EDGE_CURVE('',#788,#788,#142,.T.);
#994=EDGE_CURVE('',#709,#789,#489,.T.);
#995=EDGE_CURVE('',#789,#789,#143,.T.);
#996=EDGE_CURVE('',#790,#790,#144,.T.);
#997=EDGE_CURVE('',#790,#791,#490,.T.);
#998=EDGE_CURVE('',#791,#791,#145,.T.);
#999=EDGE_CURVE('',#792,#792,#146,.T.);
#1000=EDGE_CURVE('',#792,#732,#491,.T.);
#1001=EDGE_CURVE('',#793,#793,#147,.T.);
#1002=EDGE_CURVE('',#793,#738,#492,.T.);
#1003=EDGE_CURVE('',#794,#795,#493,.T.);
#1004=EDGE_CURVE('',#795,#796,#494,.T.);
#1005=EDGE_CURVE('',#797,#796,#495,.T.);
#1006=EDGE_CURVE('',#794,#797,#496,.T.);
#1007=EDGE_CURVE('',#798,#794,#497,.T.);
#1008=EDGE_CURVE('',#799,#797,#498,.T.);
#1009=EDGE_CURVE('',#798,#799,#499,.T.);
#1010=EDGE_CURVE('',#800,#798,#500,.T.);
#1011=EDGE_CURVE('',#801,#799,#501,.T.);
#1012=EDGE_CURVE('',#800,#801,#502,.T.);
#1013=EDGE_CURVE('',#795,#800,#503,.T.);
#1014=EDGE_CURVE('',#796,#801,#504,.T.);
#1015=ORIENTED_EDGE('',*,*,#802,.F.);
#1016=ORIENTED_EDGE('',*,*,#803,.F.);
#1017=ORIENTED_EDGE('',*,*,#804,.T.);
#1018=ORIENTED_EDGE('',*,*,#805,.T.);
#1019=ORIENTED_EDGE('',*,*,#806,.F.);
#1020=ORIENTED_EDGE('',*,*,#807,.F.);
#1021=ORIENTED_EDGE('',*,*,#808,.F.);
#1022=ORIENTED_EDGE('',*,*,#809,.T.);
#1023=ORIENTED_EDGE('',*,*,#810,.F.);
#1024=ORIENTED_EDGE('',*,*,#811,.F.);
#1025=ORIENTED_EDGE('',*,*,#812,.F.);
#1026=ORIENTED_EDGE('',*,*,#813,.T.);
#1027=ORIENTED_EDGE('',*,*,#814,.F.);
#1028=ORIENTED_EDGE('',*,*,#815,.T.);
#1029=ORIENTED_EDGE('',*,*,#816,.F.);
#1030=ORIENTED_EDGE('',*,*,#817,.F.);
#1031=ORIENTED_EDGE('',*,*,#818,.F.);
#1032=ORIENTED_EDGE('',*,*,#819,.T.);
#1033=ORIENTED_EDGE('',*,*,#820,.T.);
#1034=ORIENTED_EDGE('',*,*,#804,.F.);
#1035=ORIENTED_EDGE('',*,*,#821,.F.);
#1036=ORIENTED_EDGE('',*,*,#822,.T.);
#1037=ORIENTED_EDGE('',*,*,#823,.T.);
#1038=ORIENTED_EDGE('',*,*,#819,.F.);
#1039=ORIENTED_EDGE('',*,*,#824,.F.);
#1040=ORIENTED_EDGE('',*,*,#816,.T.);
#1041=ORIENTED_EDGE('',*,*,#825,.T.);
#1042=ORIENTED_EDGE('',*,*,#822,.F.);
#1043=ORIENTED_EDGE('',*,*,#826,.F.);
#1044=ORIENTED_EDGE('',*,*,#813,.F.);
#1045=ORIENTED_EDGE('',*,*,#827,.F.);
#1046=ORIENTED_EDGE('',*,*,#809,.F.);
#1047=ORIENTED_EDGE('',*,*,#828,.F.);
#1048=ORIENTED_EDGE('',*,*,#805,.F.);
#1049=ORIENTED_EDGE('',*,*,#820,.F.);
#1050=ORIENTED_EDGE('',*,*,#823,.F.);
#1051=ORIENTED_EDGE('',*,*,#825,.F.);
#1052=ORIENTED_EDGE('',*,*,#815,.F.);
#1053=ORIENTED_EDGE('',*,*,#829,.F.);
#1054=ORIENTED_EDGE('',*,*,#830,.F.);
#1055=ORIENTED_EDGE('',*,*,#831,.F.);
#1056=ORIENTED_EDGE('',*,*,#832,.F.);
#1057=ORIENTED_EDGE('',*,*,#833,.F.);
#1058=ORIENTED_EDGE('',*,*,#834,.F.);
#1059=ORIENTED_EDGE('',*,*,#835,.F.);
#1060=ORIENTED_EDGE('',*,*,#836,.F.);
#1061=ORIENTED_EDGE('',*,*,#837,.F.);
#1062=ORIENTED_EDGE('',*,*,#838,.F.);
#1063=ORIENTED_EDGE('',*,*,#839,.F.);
#1064=ORIENTED_EDGE('',*,*,#834,.T.);
#1065=ORIENTED_EDGE('',*,*,#840,.F.);
#1066=ORIENTED_EDGE('',*,*,#841,.F.);
#1067=ORIENTED_EDGE('',*,*,#842,.F.);
#1068=ORIENTED_EDGE('',*,*,#836,.T.);
#1069=ORIENTED_EDGE('',*,*,#843,.F.);
#1070=ORIENTED_EDGE('',*,*,#844,.F.);
#1071=ORIENTED_EDGE('',*,*,#845,.F.);
#1072=ORIENTED_EDGE('',*,*,#838,.T.);
#1073=ORIENTED_EDGE('',*,*,#846,.F.);
#1074=ORIENTED_EDGE('',*,*,#847,.F.);
#1075=ORIENTED_EDGE('',*,*,#848,.F.);
#1076=ORIENTED_EDGE('',*,*,#849,.T.);
#1077=ORIENTED_EDGE('',*,*,#832,.T.);
#1078=ORIENTED_EDGE('',*,*,#850,.F.);
#1079=ORIENTED_EDGE('',*,*,#851,.F.);
#1080=ORIENTED_EDGE('',*,*,#840,.T.);
#1081=ORIENTED_EDGE('',*,*,#833,.T.);
#1082=ORIENTED_EDGE('',*,*,#849,.F.);
#1083=ORIENTED_EDGE('',*,*,#852,.F.);
#1084=ORIENTED_EDGE('',*,*,#853,.F.);
#1085=ORIENTED_EDGE('',*,*,#854,.T.);
#1086=ORIENTED_EDGE('',*,*,#830,.T.);
#1087=ORIENTED_EDGE('',*,*,#855,.F.);
#1088=ORIENTED_EDGE('',*,*,#850,.T.);
#1089=ORIENTED_EDGE('',*,*,#831,.T.);
#1090=ORIENTED_EDGE('',*,*,#854,.F.);
#1091=ORIENTED_EDGE('',*,*,#807,.T.);
#1092=ORIENTED_EDGE('',*,*,#856,.T.);
#1093=ORIENTED_EDGE('',*,*,#844,.T.);
#1094=ORIENTED_EDGE('',*,*,#857,.T.);
#1095=ORIENTED_EDGE('',*,*,#858,.T.);
#1096=ORIENTED_EDGE('',*,*,#859,.T.);
#1097=ORIENTED_EDGE('',*,*,#860,.T.);
#1098=ORIENTED_EDGE('',*,*,#861,.T.);
#1099=ORIENTED_EDGE('',*,*,#862,.T.);
#1100=ORIENTED_EDGE('',*,*,#863,.T.);
#1101=ORIENTED_EDGE('',*,*,#864,.T.);
#1102=ORIENTED_EDGE('',*,*,#865,.T.);
#1103=ORIENTED_EDGE('',*,*,#866,.T.);
#1104=ORIENTED_EDGE('',*,*,#867,.T.);
#1105=ORIENTED_EDGE('',*,*,#868,.T.);
#1106=ORIENTED_EDGE('',*,*,#869,.T.);
#1107=ORIENTED_EDGE('',*,*,#870,.T.);
#1108=ORIENTED_EDGE('',*,*,#811,.T.);
#1109=ORIENTED_EDGE('',*,*,#871,.T.);
#1110=ORIENTED_EDGE('',*,*,#847,.T.);
#1111=ORIENTED_EDGE('',*,*,#872,.T.);
#1112=ORIENTED_EDGE('',*,*,#873,.T.);
#1113=ORIENTED_EDGE('',*,*,#874,.T.);
#1114=ORIENTED_EDGE('',*,*,#875,.T.);
#1115=ORIENTED_EDGE('',*,*,#876,.T.);
#1116=ORIENTED_EDGE('',*,*,#877,.T.);
#1117=ORIENTED_EDGE('',*,*,#878,.T.);
#1118=ORIENTED_EDGE('',*,*,#879,.T.);
#1119=ORIENTED_EDGE('',*,*,#880,.T.);
#1120=ORIENTED_EDGE('',*,*,#881,.T.);
#1121=ORIENTED_EDGE('',*,*,#882,.T.);
#1122=ORIENTED_EDGE('',*,*,#883,.T.);
#1123=ORIENTED_EDGE('',*,*,#884,.T.);
#1124=ORIENTED_EDGE('',*,*,#885,.T.);
#1125=ORIENTED_EDGE('',*,*,#802,.T.);
#1126=ORIENTED_EDGE('',*,*,#828,.T.);
#1127=ORIENTED_EDGE('',*,*,#808,.T.);
#1128=ORIENTED_EDGE('',*,*,#858,.F.);
#1129=ORIENTED_EDGE('',*,*,#886,.T.);
#1130=ORIENTED_EDGE('',*,*,#887,.F.);
#1131=ORIENTED_EDGE('',*,*,#886,.F.);
#1132=ORIENTED_EDGE('',*,*,#857,.F.);
#1133=ORIENTED_EDGE('',*,*,#843,.T.);
#1134=ORIENTED_EDGE('',*,*,#835,.T.);
#1135=ORIENTED_EDGE('',*,*,#839,.T.);
#1136=ORIENTED_EDGE('',*,*,#888,.F.);
#1137=ORIENTED_EDGE('',*,*,#889,.F.);
#1138=ORIENTED_EDGE('',*,*,#890,.T.);
#1139=ORIENTED_EDGE('',*,*,#891,.T.);
#1140=ORIENTED_EDGE('',*,*,#890,.F.);
#1141=ORIENTED_EDGE('',*,*,#891,.F.);
#1142=ORIENTED_EDGE('',*,*,#892,.F.);
#1143=ORIENTED_EDGE('',*,*,#893,.F.);
#1144=ORIENTED_EDGE('',*,*,#894,.T.);
#1145=ORIENTED_EDGE('',*,*,#895,.T.);
#1146=ORIENTED_EDGE('',*,*,#894,.F.);
#1147=ORIENTED_EDGE('',*,*,#895,.F.);
#1148=ORIENTED_EDGE('',*,*,#896,.F.);
#1149=ORIENTED_EDGE('',*,*,#897,.F.);
#1150=ORIENTED_EDGE('',*,*,#898,.T.);
#1151=ORIENTED_EDGE('',*,*,#899,.T.);
#1152=ORIENTED_EDGE('',*,*,#898,.F.);
#1153=ORIENTED_EDGE('',*,*,#899,.F.);
#1154=ORIENTED_EDGE('',*,*,#900,.F.);
#1155=ORIENTED_EDGE('',*,*,#901,.F.);
#1156=ORIENTED_EDGE('',*,*,#902,.T.);
#1157=ORIENTED_EDGE('',*,*,#903,.T.);
#1158=ORIENTED_EDGE('',*,*,#902,.F.);
#1159=ORIENTED_EDGE('',*,*,#903,.F.);
#1160=ORIENTED_EDGE('',*,*,#904,.F.);
#1161=ORIENTED_EDGE('',*,*,#905,.F.);
#1162=ORIENTED_EDGE('',*,*,#906,.T.);
#1163=ORIENTED_EDGE('',*,*,#907,.F.);
#1164=ORIENTED_EDGE('',*,*,#908,.F.);
#1165=ORIENTED_EDGE('',*,*,#909,.F.);
#1166=ORIENTED_EDGE('',*,*,#910,.T.);
#1167=ORIENTED_EDGE('',*,*,#911,.F.);
#1168=ORIENTED_EDGE('',*,*,#906,.F.);
#1169=ORIENTED_EDGE('',*,*,#912,.F.);
#1170=ORIENTED_EDGE('',*,*,#913,.T.);
#1171=ORIENTED_EDGE('',*,*,#914,.F.);
#1172=ORIENTED_EDGE('',*,*,#910,.F.);
#1173=ORIENTED_EDGE('',*,*,#915,.F.);
#1174=ORIENTED_EDGE('',*,*,#908,.T.);
#1175=ORIENTED_EDGE('',*,*,#916,.F.);
#1176=ORIENTED_EDGE('',*,*,#913,.F.);
#1177=ORIENTED_EDGE('',*,*,#874,.F.);
#1178=ORIENTED_EDGE('',*,*,#917,.T.);
#1179=ORIENTED_EDGE('',*,*,#918,.F.);
#1180=ORIENTED_EDGE('',*,*,#919,.F.);
#1181=ORIENTED_EDGE('',*,*,#877,.F.);
#1182=ORIENTED_EDGE('',*,*,#920,.T.);
#1183=ORIENTED_EDGE('',*,*,#921,.F.);
#1184=ORIENTED_EDGE('',*,*,#917,.F.);
#1185=ORIENTED_EDGE('',*,*,#876,.F.);
#1186=ORIENTED_EDGE('',*,*,#922,.T.);
#1187=ORIENTED_EDGE('',*,*,#923,.F.);
#1188=ORIENTED_EDGE('',*,*,#920,.F.);
#1189=ORIENTED_EDGE('',*,*,#875,.F.);
#1190=ORIENTED_EDGE('',*,*,#919,.T.);
#1191=ORIENTED_EDGE('',*,*,#924,.F.);
#1192=ORIENTED_EDGE('',*,*,#922,.F.);
#1193=ORIENTED_EDGE('',*,*,#878,.F.);
#1194=ORIENTED_EDGE('',*,*,#925,.T.);
#1195=ORIENTED_EDGE('',*,*,#926,.F.);
#1196=ORIENTED_EDGE('',*,*,#927,.F.);
#1197=ORIENTED_EDGE('',*,*,#881,.F.);
#1198=ORIENTED_EDGE('',*,*,#928,.T.);
#1199=ORIENTED_EDGE('',*,*,#929,.F.);
#1200=ORIENTED_EDGE('',*,*,#925,.F.);
#1201=ORIENTED_EDGE('',*,*,#880,.F.);
#1202=ORIENTED_EDGE('',*,*,#930,.T.);
#1203=ORIENTED_EDGE('',*,*,#931,.F.);
#1204=ORIENTED_EDGE('',*,*,#928,.F.);
#1205=ORIENTED_EDGE('',*,*,#879,.F.);
#1206=ORIENTED_EDGE('',*,*,#927,.T.);
#1207=ORIENTED_EDGE('',*,*,#932,.F.);
#1208=ORIENTED_EDGE('',*,*,#930,.F.);
#1209=ORIENTED_EDGE('',*,*,#859,.F.);
#1210=ORIENTED_EDGE('',*,*,#933,.T.);
#1211=ORIENTED_EDGE('',*,*,#934,.F.);
#1212=ORIENTED_EDGE('',*,*,#935,.F.);
#1213=ORIENTED_EDGE('',*,*,#862,.F.);
#1214=ORIENTED_EDGE('',*,*,#936,.T.);
#1215=ORIENTED_EDGE('',*,*,#937,.F.);
#1216=ORIENTED_EDGE('',*,*,#933,.F.);
#1217=ORIENTED_EDGE('',*,*,#861,.F.);
#1218=ORIENTED_EDGE('',*,*,#938,.T.);
#1219=ORIENTED_EDGE('',*,*,#939,.F.);
#1220=ORIENTED_EDGE('',*,*,#936,.F.);
#1221=ORIENTED_EDGE('',*,*,#860,.F.);
#1222=ORIENTED_EDGE('',*,*,#935,.T.);
#1223=ORIENTED_EDGE('',*,*,#940,.F.);
#1224=ORIENTED_EDGE('',*,*,#938,.F.);
#1225=ORIENTED_EDGE('',*,*,#863,.F.);
#1226=ORIENTED_EDGE('',*,*,#941,.T.);
#1227=ORIENTED_EDGE('',*,*,#942,.F.);
#1228=ORIENTED_EDGE('',*,*,#943,.F.);
#1229=ORIENTED_EDGE('',*,*,#866,.F.);
#1230=ORIENTED_EDGE('',*,*,#944,.T.);
#1231=ORIENTED_EDGE('',*,*,#945,.F.);
#1232=ORIENTED_EDGE('',*,*,#941,.F.);
#1233=ORIENTED_EDGE('',*,*,#865,.F.);
#1234=ORIENTED_EDGE('',*,*,#946,.T.);
#1235=ORIENTED_EDGE('',*,*,#947,.F.);
#1236=ORIENTED_EDGE('',*,*,#944,.F.);
#1237=ORIENTED_EDGE('',*,*,#864,.F.);
#1238=ORIENTED_EDGE('',*,*,#943,.T.);
#1239=ORIENTED_EDGE('',*,*,#948,.F.);
#1240=ORIENTED_EDGE('',*,*,#946,.F.);
#1241=ORIENTED_EDGE('',*,*,#949,.F.);
#1242=ORIENTED_EDGE('',*,*,#950,.T.);
#1243=ORIENTED_EDGE('',*,*,#951,.F.);
#1244=ORIENTED_EDGE('',*,*,#952,.F.);
#1245=ORIENTED_EDGE('',*,*,#953,.F.);
#1246=ORIENTED_EDGE('',*,*,#954,.T.);
#1247=ORIENTED_EDGE('',*,*,#955,.F.);
#1248=ORIENTED_EDGE('',*,*,#950,.F.);
#1249=ORIENTED_EDGE('',*,*,#956,.F.);
#1250=ORIENTED_EDGE('',*,*,#957,.T.);
#1251=ORIENTED_EDGE('',*,*,#958,.F.);
#1252=ORIENTED_EDGE('',*,*,#954,.F.);
#1253=ORIENTED_EDGE('',*,*,#959,.F.);
#1254=ORIENTED_EDGE('',*,*,#952,.T.);
#1255=ORIENTED_EDGE('',*,*,#960,.F.);
#1256=ORIENTED_EDGE('',*,*,#957,.F.);
#1257=ORIENTED_EDGE('',*,*,#961,.F.);
#1258=ORIENTED_EDGE('',*,*,#962,.T.);
#1259=ORIENTED_EDGE('',*,*,#892,.T.);
#1260=ORIENTED_EDGE('',*,*,#962,.F.);
#1261=ORIENTED_EDGE('',*,*,#963,.F.);
#1262=ORIENTED_EDGE('',*,*,#964,.T.);
#1263=ORIENTED_EDGE('',*,*,#900,.T.);
#1264=ORIENTED_EDGE('',*,*,#964,.F.);
#1265=ORIENTED_EDGE('',*,*,#965,.F.);
#1266=ORIENTED_EDGE('',*,*,#966,.T.);
#1267=ORIENTED_EDGE('',*,*,#967,.F.);
#1268=ORIENTED_EDGE('',*,*,#966,.F.);
#1269=ORIENTED_EDGE('',*,*,#870,.F.);
#1270=ORIENTED_EDGE('',*,*,#968,.T.);
#1271=ORIENTED_EDGE('',*,*,#969,.F.);
#1272=ORIENTED_EDGE('',*,*,#968,.F.);
#1273=ORIENTED_EDGE('',*,*,#814,.T.);
#1274=ORIENTED_EDGE('',*,*,#970,.F.);
#1275=ORIENTED_EDGE('',*,*,#971,.T.);
#1276=ORIENTED_EDGE('',*,*,#972,.F.);
#1277=ORIENTED_EDGE('',*,*,#971,.F.);
#1278=ORIENTED_EDGE('',*,*,#973,.F.);
#1279=ORIENTED_EDGE('',*,*,#852,.T.);
#1280=ORIENTED_EDGE('',*,*,#829,.T.);
#1281=ORIENTED_EDGE('',*,*,#845,.T.);
#1282=ORIENTED_EDGE('',*,*,#871,.F.);
#1283=ORIENTED_EDGE('',*,*,#810,.T.);
#1284=ORIENTED_EDGE('',*,*,#826,.T.);
#1285=ORIENTED_EDGE('',*,*,#869,.F.);
#1286=ORIENTED_EDGE('',*,*,#974,.T.);
#1287=ORIENTED_EDGE('',*,*,#975,.F.);
#1288=ORIENTED_EDGE('',*,*,#974,.F.);
#1289=ORIENTED_EDGE('',*,*,#885,.F.);
#1290=ORIENTED_EDGE('',*,*,#976,.T.);
#1291=ORIENTED_EDGE('',*,*,#977,.F.);
#1292=ORIENTED_EDGE('',*,*,#976,.F.);
#1293=ORIENTED_EDGE('',*,*,#884,.F.);
#1294=ORIENTED_EDGE('',*,*,#978,.T.);
#1295=ORIENTED_EDGE('',*,*,#979,.F.);
#1296=ORIENTED_EDGE('',*,*,#978,.F.);
#1297=ORIENTED_EDGE('',*,*,#980,.F.);
#1298=ORIENTED_EDGE('',*,*,#981,.T.);
#1299=ORIENTED_EDGE('',*,*,#982,.F.);
#1300=ORIENTED_EDGE('',*,*,#981,.F.);
#1301=ORIENTED_EDGE('',*,*,#983,.F.);
#1302=ORIENTED_EDGE('',*,*,#984,.T.);
#1303=ORIENTED_EDGE('',*,*,#985,.F.);
#1304=ORIENTED_EDGE('',*,*,#984,.F.);
#1305=ORIENTED_EDGE('',*,*,#883,.F.);
#1306=ORIENTED_EDGE('',*,*,#986,.T.);
#1307=ORIENTED_EDGE('',*,*,#987,.F.);
#1308=ORIENTED_EDGE('',*,*,#986,.F.);
#1309=ORIENTED_EDGE('',*,*,#812,.T.);
#1310=ORIENTED_EDGE('',*,*,#873,.F.);
#1311=ORIENTED_EDGE('',*,*,#988,.T.);
#1312=ORIENTED_EDGE('',*,*,#989,.F.);
#1313=ORIENTED_EDGE('',*,*,#988,.F.);
#1314=ORIENTED_EDGE('',*,*,#872,.F.);
#1315=ORIENTED_EDGE('',*,*,#846,.T.);
#1316=ORIENTED_EDGE('',*,*,#837,.T.);
#1317=ORIENTED_EDGE('',*,*,#842,.T.);
#1318=ORIENTED_EDGE('',*,*,#856,.F.);
#1319=ORIENTED_EDGE('',*,*,#806,.T.);
#1320=ORIENTED_EDGE('',*,*,#827,.T.);
#1321=ORIENTED_EDGE('',*,*,#882,.F.);
#1322=ORIENTED_EDGE('',*,*,#990,.T.);
#1323=ORIENTED_EDGE('',*,*,#991,.F.);
#1324=ORIENTED_EDGE('',*,*,#990,.F.);
#1325=ORIENTED_EDGE('',*,*,#868,.F.);
#1326=ORIENTED_EDGE('',*,*,#992,.T.);
#1327=ORIENTED_EDGE('',*,*,#993,.F.);
#1328=ORIENTED_EDGE('',*,*,#992,.F.);
#1329=ORIENTED_EDGE('',*,*,#867,.F.);
#1330=ORIENTED_EDGE('',*,*,#994,.T.);
#1331=ORIENTED_EDGE('',*,*,#995,.F.);
#1332=ORIENTED_EDGE('',*,*,#994,.F.);
#1333=ORIENTED_EDGE('',*,*,#996,.F.);
#1334=ORIENTED_EDGE('',*,*,#997,.T.);
#1335=ORIENTED_EDGE('',*,*,#998,.F.);
#1336=ORIENTED_EDGE('',*,*,#997,.F.);
#1337=ORIENTED_EDGE('',*,*,#999,.F.);
#1338=ORIENTED_EDGE('',*,*,#1000,.T.);
#1339=ORIENTED_EDGE('',*,*,#896,.T.);
#1340=ORIENTED_EDGE('',*,*,#1000,.F.);
#1341=ORIENTED_EDGE('',*,*,#1001,.F.);
#1342=ORIENTED_EDGE('',*,*,#1002,.T.);
#1343=ORIENTED_EDGE('',*,*,#904,.T.);
#1344=ORIENTED_EDGE('',*,*,#1002,.F.);
#1345=ORIENTED_EDGE('',*,*,#1003,.T.);
#1346=ORIENTED_EDGE('',*,*,#1004,.T.);
#1347=ORIENTED_EDGE('',*,*,#1005,.F.);
#1348=ORIENTED_EDGE('',*,*,#1006,.F.);
#1349=ORIENTED_EDGE('',*,*,#1007,.T.);
#1350=ORIENTED_EDGE('',*,*,#1006,.T.);
#1351=ORIENTED_EDGE('',*,*,#1008,.F.);
#1352=ORIENTED_EDGE('',*,*,#1009,.F.);
#1353=ORIENTED_EDGE('',*,*,#1010,.T.);
#1354=ORIENTED_EDGE('',*,*,#1009,.T.);
#1355=ORIENTED_EDGE('',*,*,#1011,.F.);
#1356=ORIENTED_EDGE('',*,*,#1012,.F.);
#1357=ORIENTED_EDGE('',*,*,#1013,.T.);
#1358=ORIENTED_EDGE('',*,*,#1012,.T.);
#1359=ORIENTED_EDGE('',*,*,#1014,.F.);
#1360=ORIENTED_EDGE('',*,*,#1004,.F.);
#1361=ORIENTED_EDGE('',*,*,#1014,.T.);
#1362=ORIENTED_EDGE('',*,*,#1011,.T.);
#1363=ORIENTED_EDGE('',*,*,#1008,.T.);
#1364=ORIENTED_EDGE('',*,*,#1005,.T.);
#1365=ORIENTED_EDGE('',*,*,#907,.T.);
#1366=ORIENTED_EDGE('',*,*,#911,.T.);
#1367=ORIENTED_EDGE('',*,*,#914,.T.);
#1368=ORIENTED_EDGE('',*,*,#916,.T.);
#1369=ORIENTED_EDGE('',*,*,#918,.T.);
#1370=ORIENTED_EDGE('',*,*,#921,.T.);
#1371=ORIENTED_EDGE('',*,*,#923,.T.);
#1372=ORIENTED_EDGE('',*,*,#924,.T.);
#1373=ORIENTED_EDGE('',*,*,#926,.T.);
#1374=ORIENTED_EDGE('',*,*,#929,.T.);
#1375=ORIENTED_EDGE('',*,*,#931,.T.);
#1376=ORIENTED_EDGE('',*,*,#932,.T.);
#1377=ORIENTED_EDGE('',*,*,#934,.T.);
#1378=ORIENTED_EDGE('',*,*,#937,.T.);
#1379=ORIENTED_EDGE('',*,*,#939,.T.);
#1380=ORIENTED_EDGE('',*,*,#940,.T.);
#1381=ORIENTED_EDGE('',*,*,#942,.T.);
#1382=ORIENTED_EDGE('',*,*,#945,.T.);
#1383=ORIENTED_EDGE('',*,*,#947,.T.);
#1384=ORIENTED_EDGE('',*,*,#948,.T.);
#1385=ORIENTED_EDGE('',*,*,#951,.T.);
#1386=ORIENTED_EDGE('',*,*,#955,.T.);
#1387=ORIENTED_EDGE('',*,*,#958,.T.);
#1388=ORIENTED_EDGE('',*,*,#960,.T.);
#1389=ORIENTED_EDGE('',*,*,#998,.T.);
#1390=ORIENTED_EDGE('',*,*,#995,.T.);
#1391=ORIENTED_EDGE('',*,*,#887,.T.);
#1392=ORIENTED_EDGE('',*,*,#993,.T.);
#1393=ORIENTED_EDGE('',*,*,#991,.T.);
#1394=ORIENTED_EDGE('',*,*,#989,.T.);
#1395=ORIENTED_EDGE('',*,*,#987,.T.);
#1396=ORIENTED_EDGE('',*,*,#985,.T.);
#1397=ORIENTED_EDGE('',*,*,#982,.T.);
#1398=ORIENTED_EDGE('',*,*,#979,.T.);
#1399=ORIENTED_EDGE('',*,*,#977,.T.);
#1400=ORIENTED_EDGE('',*,*,#975,.T.);
#1401=ORIENTED_EDGE('',*,*,#972,.T.);
#1402=ORIENTED_EDGE('',*,*,#969,.T.);
#1403=ORIENTED_EDGE('',*,*,#967,.T.);
#1404=ORIENTED_EDGE('',*,*,#901,.T.);
#1405=ORIENTED_EDGE('',*,*,#897,.T.);
#1406=ORIENTED_EDGE('',*,*,#893,.T.);
#1407=ORIENTED_EDGE('',*,*,#889,.T.);
#1408=ORIENTED_EDGE('',*,*,#1013,.F.);
#1409=ORIENTED_EDGE('',*,*,#1003,.F.);
#1410=ORIENTED_EDGE('',*,*,#1007,.F.);
#1411=ORIENTED_EDGE('',*,*,#1010,.F.);
#1412=ORIENTED_EDGE('',*,*,#905,.T.);
#1413=ORIENTED_EDGE('',*,*,#915,.T.);
#1414=ORIENTED_EDGE('',*,*,#912,.T.);
#1415=ORIENTED_EDGE('',*,*,#909,.T.);
#1416=ORIENTED_EDGE('',*,*,#949,.T.);
#1417=ORIENTED_EDGE('',*,*,#959,.T.);
#1418=ORIENTED_EDGE('',*,*,#956,.T.);
#1419=ORIENTED_EDGE('',*,*,#953,.T.);
#1420=ORIENTED_EDGE('',*,*,#1001,.T.);
#1421=ORIENTED_EDGE('',*,*,#999,.T.);
#1422=ORIENTED_EDGE('',*,*,#996,.T.);
#1423=ORIENTED_EDGE('',*,*,#983,.T.);
#1424=ORIENTED_EDGE('',*,*,#980,.T.);
#1425=ORIENTED_EDGE('',*,*,#965,.T.);
#1426=ORIENTED_EDGE('',*,*,#963,.T.);
#1427=ORIENTED_EDGE('',*,*,#961,.T.);
#1428=ORIENTED_EDGE('',*,*,#817,.T.);
#1429=ORIENTED_EDGE('',*,*,#824,.T.);
#1430=ORIENTED_EDGE('',*,*,#821,.T.);
#1431=ORIENTED_EDGE('',*,*,#818,.T.);
#1432=ORIENTED_EDGE('',*,*,#803,.T.);
#1433=ORIENTED_EDGE('',*,*,#888,.T.);
#1434=ORIENTED_EDGE('',*,*,#841,.T.);
#1435=ORIENTED_EDGE('',*,*,#851,.T.);
#1436=ORIENTED_EDGE('',*,*,#848,.T.);
#1437=ORIENTED_EDGE('',*,*,#855,.T.);
#1438=ORIENTED_EDGE('',*,*,#853,.T.);
#1439=ORIENTED_EDGE('',*,*,#973,.T.);
#1440=ORIENTED_EDGE('',*,*,#970,.T.);
#1441=PLANE('',#1582);
#1442=PLANE('',#1583);
#1443=PLANE('',#1584);
#1444=PLANE('',#1585);
#1445=PLANE('',#1586);
#1446=PLANE('',#1587);
#1447=PLANE('',#1588);
#1448=PLANE('',#1589);
#1449=PLANE('',#1593);
#1450=PLANE('',#1597);
#1451=PLANE('',#1598);
#1452=PLANE('',#1599);
#1453=PLANE('',#1600);
#1454=PLANE('',#1601);
#1455=PLANE('',#1602);
#1456=PLANE('',#1603);
#1457=PLANE('',#1604);
#1458=PLANE('',#1612);
#1459=PLANE('',#1626);
#1460=PLANE('',#1631);
#1461=PLANE('',#1636);
#1462=PLANE('',#1641);
#1463=PLANE('',#1643);
#1464=PLANE('',#1644);
#1465=PLANE('',#1645);
#1466=PLANE('',#1646);
#1467=PLANE('',#1647);
#1468=PLANE('',#1648);
#1469=PLANE('',#1649);
#1470=PLANE('',#1650);
#1471=PLANE('',#1651);
#1472=PLANE('',#1652);
#1473=PLANE('',#1653);
#1474=PLANE('',#1654);
#1475=PLANE('',#1655);
#1476=PLANE('',#1656);
#1477=PLANE('',#1657);
#1478=PLANE('',#1658);
#1479=PLANE('',#1659);
#1480=PLANE('',#1660);
#1481=PLANE('',#1661);
#1482=PLANE('',#1662);
#1483=PLANE('',#1663);
#1484=PLANE('',#1664);
#1485=PLANE('',#1665);
#1486=PLANE('',#1666);
#1487=PLANE('',#1709);
#1488=PLANE('',#1710);
#1489=PLANE('',#1711);
#1490=PLANE('',#1712);
#1491=PLANE('',#1713);
#1492=PLANE('',#1714);
#1493=ADVANCED_FACE('',(#148),#1441,.F.);
#1494=ADVANCED_FACE('',(#149),#1442,.F.);
#1495=ADVANCED_FACE('',(#150),#1443,.F.);
#1496=ADVANCED_FACE('',(#151),#1444,.F.);
#1497=ADVANCED_FACE('',(#152),#1445,.F.);
#1498=ADVANCED_FACE('',(#153),#1446,.F.);
#1499=ADVANCED_FACE('',(#154),#1447,.F.);
#1500=ADVANCED_FACE('',(#155),#1448,.F.);
#1501=ADVANCED_FACE('',(#156),#1449,.F.);
#1502=ADVANCED_FACE('',(#157),#1450,.F.);
#1503=ADVANCED_FACE('',(#158),#1451,.F.);
#1504=ADVANCED_FACE('',(#159),#1452,.F.);
#1505=ADVANCED_FACE('',(#160),#1453,.F.);
#1506=ADVANCED_FACE('',(#161),#1454,.F.);
#1507=ADVANCED_FACE('',(#162),#1455,.F.);
#1508=ADVANCED_FACE('',(#163),#1456,.F.);
#1509=ADVANCED_FACE('',(#164,#38,#39,#40,#41,#42,#43),#1457,.F.);
#1510=ADVANCED_FACE('',(#165,#44,#45,#46,#47,#48,#49),#1458,.F.);
#1511=ADVANCED_FACE('',(#166),#15,.F.);
#1512=ADVANCED_FACE('',(#167),#16,.F.);
#1513=ADVANCED_FACE('',(#168,#50),#1459,.T.);
#1514=ADVANCED_FACE('',(#169),#17,.F.);
#1515=ADVANCED_FACE('',(#170,#51),#1460,.T.);
#1516=ADVANCED_FACE('',(#171),#18,.F.);
#1517=ADVANCED_FACE('',(#172,#52),#1461,.T.);
#1518=ADVANCED_FACE('',(#173),#19,.F.);
#1519=ADVANCED_FACE('',(#174,#53),#1462,.T.);
#1520=ADVANCED_FACE('',(#175),#1463,.F.);
#1521=ADVANCED_FACE('',(#176),#1464,.F.);
#1522=ADVANCED_FACE('',(#177),#1465,.F.);
#1523=ADVANCED_FACE('',(#178),#1466,.F.);
#1524=ADVANCED_FACE('',(#179),#1467,.F.);
#1525=ADVANCED_FACE('',(#180),#1468,.F.);
#1526=ADVANCED_FACE('',(#181),#1469,.F.);
#1527=ADVANCED_FACE('',(#182),#1470,.F.);
#1528=ADVANCED_FACE('',(#183),#1471,.F.);
#1529=ADVANCED_FACE('',(#184),#1472,.F.);
#1530=ADVANCED_FACE('',(#185),#1473,.F.);
#1531=ADVANCED_FACE('',(#186),#1474,.F.);
#1532=ADVANCED_FACE('',(#187),#1475,.F.);
#1533=ADVANCED_FACE('',(#188),#1476,.F.);
#1534=ADVANCED_FACE('',(#189),#1477,.F.);
#1535=ADVANCED_FACE('',(#190),#1478,.F.);
#1536=ADVANCED_FACE('',(#191),#1479,.F.);
#1537=ADVANCED_FACE('',(#192),#1480,.F.);
#1538=ADVANCED_FACE('',(#193),#1481,.F.);
#1539=ADVANCED_FACE('',(#194),#1482,.F.);
#1540=ADVANCED_FACE('',(#195),#1483,.F.);
#1541=ADVANCED_FACE('',(#196),#1484,.F.);
#1542=ADVANCED_FACE('',(#197),#1485,.F.);
#1543=ADVANCED_FACE('',(#198),#1486,.F.);
#1544=ADVANCED_FACE('',(#199),#20,.F.);
#1545=ADVANCED_FACE('',(#200),#21,.F.);
#1546=ADVANCED_FACE('',(#201),#22,.F.);
#1547=ADVANCED_FACE('',(#202),#23,.F.);
#1548=ADVANCED_FACE('',(#203),#24,.F.);
#1549=ADVANCED_FACE('',(#204),#25,.F.);
#1550=ADVANCED_FACE('',(#205),#26,.F.);
#1551=ADVANCED_FACE('',(#206),#27,.F.);
#1552=ADVANCED_FACE('',(#207),#28,.F.);
#1553=ADVANCED_FACE('',(#208),#29,.F.);
#1554=ADVANCED_FACE('',(#209),#30,.F.);
#1555=ADVANCED_FACE('',(#210),#31,.F.);
#1556=ADVANCED_FACE('',(#211),#32,.F.);
#1557=ADVANCED_FACE('',(#212),#33,.F.);
#1558=ADVANCED_FACE('',(#213),#34,.F.);
#1559=ADVANCED_FACE('',(#214),#35,.F.);
#1560=ADVANCED_FACE('',(#215),#36,.F.);
#1561=ADVANCED_FACE('',(#216),#37,.F.);
#1562=ADVANCED_FACE('',(#217),#1487,.T.);
#1563=ADVANCED_FACE('',(#218),#1488,.T.);
#1564=ADVANCED_FACE('',(#219),#1489,.T.);
#1565=ADVANCED_FACE('',(#220),#1490,.T.);
#1566=ADVANCED_FACE('',(#221,#54,#55,#56,#57,#58,#59,#60,#61,#62,#63,#64,
#65,#66,#67,#68,#69,#70,#71,#72,#73,#74,#75,#76,#77,#78),#1491,.T.);
#1567=ADVANCED_FACE('',(#222,#79,#80,#81,#82,#83,#84,#85,#86,#87,#88,#89),
#1492,.F.);
#1568=CLOSED_SHELL('',(#1493,#1494,#1495,#1496,#1497,#1498,#1499,#1500,
#1501,#1502,#1503,#1504,#1505,#1506,#1507,#1508,#1509,#1510,#1511,#1512,
#1513,#1514,#1515,#1516,#1517,#1518,#1519,#1520,#1521,#1522,#1523,#1524,
#1525,#1526,#1527,#1528,#1529,#1530,#1531,#1532,#1533,#1534,#1535,#1536,
#1537,#1538,#1539,#1540,#1541,#1542,#1543,#1544,#1545,#1546,#1547,#1548,
#1549,#1550,#1551,#1552,#1553,#1554,#1555,#1556,#1557,#1558,#1559,#1560,
#1561,#1562,#1563,#1564,#1565,#1566,#1567));
#1569=DERIVED_UNIT_ELEMENT(#1571,1.);
#1570=DERIVED_UNIT_ELEMENT(#2574,-3.);
#1571=(
MASS_UNIT()
NAMED_UNIT(*)
SI_UNIT(.KILO.,.GRAM.)
);
#1572=DERIVED_UNIT((#1569,#1570));
#1573=MEASURE_REPRESENTATION_ITEM('density measure',
POSITIVE_RATIO_MEASURE(7850.),#1572);
#1574=PROPERTY_DEFINITION_REPRESENTATION(#1579,#1576);
#1575=PROPERTY_DEFINITION_REPRESENTATION(#1580,#1577);
#1576=REPRESENTATION('material name',(#1578),#2571);
#1577=REPRESENTATION('density',(#1573),#2571);
#1578=DESCRIPTIVE_REPRESENTATION_ITEM('Steel','Steel');
#1579=PROPERTY_DEFINITION('material property','material name',#2581);
#1580=PROPERTY_DEFINITION('material property','density of part',#2581);
#1581=AXIS2_PLACEMENT_3D('',#2138,#1715,#1716);
#1582=AXIS2_PLACEMENT_3D('',#2139,#1717,#1718);
#1583=AXIS2_PLACEMENT_3D('',#2148,#1723,#1724);
#1584=AXIS2_PLACEMENT_3D('',#2157,#1729,#1730);
#1585=AXIS2_PLACEMENT_3D('',#2166,#1735,#1736);
#1586=AXIS2_PLACEMENT_3D('',#2175,#1741,#1742);
#1587=AXIS2_PLACEMENT_3D('',#2181,#1746,#1747);
#1588=AXIS2_PLACEMENT_3D('',#2187,#1751,#1752);
#1589=AXIS2_PLACEMENT_3D('',#2190,#1755,#1756);
#1590=AXIS2_PLACEMENT_3D('',#2191,#1757,#1758);
#1591=AXIS2_PLACEMENT_3D('',#2192,#1759,#1760);
#1592=AXIS2_PLACEMENT_3D('',#2193,#1761,#1762);
#1593=AXIS2_PLACEMENT_3D('',#2194,#1763,#1764);
#1594=AXIS2_PLACEMENT_3D('',#2197,#1765,#1766);
#1595=AXIS2_PLACEMENT_3D('',#2209,#1772,#1773);
#1596=AXIS2_PLACEMENT_3D('',#2213,#1775,#1776);
#1597=AXIS2_PLACEMENT_3D('',#2215,#1778,#1779);
#1598=AXIS2_PLACEMENT_3D('',#2221,#1783,#1784);
#1599=AXIS2_PLACEMENT_3D('',#2227,#1788,#1789);
#1600=AXIS2_PLACEMENT_3D('',#2233,#1793,#1794);
#1601=AXIS2_PLACEMENT_3D('',#2239,#1798,#1799);
#1602=AXIS2_PLACEMENT_3D('',#2241,#1801,#1802);
#1603=AXIS2_PLACEMENT_3D('',#2247,#1806,#1807);
#1604=AXIS2_PLACEMENT_3D('',#2249,#1809,#1810);
#1605=AXIS2_PLACEMENT_3D('',#2250,#1811,#1812);
#1606=AXIS2_PLACEMENT_3D('',#2252,#1813,#1814);
#1607=AXIS2_PLACEMENT_3D('',#2253,#1815,#1816);
#1608=AXIS2_PLACEMENT_3D('',#2271,#1825,#1826);
#1609=AXIS2_PLACEMENT_3D('',#2273,#1827,#1828);
#1610=AXIS2_PLACEMENT_3D('',#2275,#1829,#1830);
#1611=AXIS2_PLACEMENT_3D('',#2277,#1831,#1832);
#1612=AXIS2_PLACEMENT_3D('',#2278,#1833,#1834);
#1613=AXIS2_PLACEMENT_3D('',#2279,#1835,#1836);
#1614=AXIS2_PLACEMENT_3D('',#2281,#1837,#1838);
#1615=AXIS2_PLACEMENT_3D('',#2282,#1839,#1840);
#1616=AXIS2_PLACEMENT_3D('',#2300,#1849,#1850);
#1617=AXIS2_PLACEMENT_3D('',#2302,#1851,#1852);
#1618=AXIS2_PLACEMENT_3D('',#2304,#1853,#1854);
#1619=AXIS2_PLACEMENT_3D('',#2306,#1855,#1856);
#1620=AXIS2_PLACEMENT_3D('',#2307,#1857,#1858);
#1621=AXIS2_PLACEMENT_3D('',#2310,#1860,#1861);
#1622=AXIS2_PLACEMENT_3D('',#2311,#1862,#1863);
#1623=AXIS2_PLACEMENT_3D('',#2312,#1864,#1865);
#1624=AXIS2_PLACEMENT_3D('',#2314,#1866,#1867);
#1625=AXIS2_PLACEMENT_3D('',#2317,#1869,#1870);
#1626=AXIS2_PLACEMENT_3D('',#2318,#1871,#1872);
#1627=AXIS2_PLACEMENT_3D('',#2320,#1873,#1874);
#1628=AXIS2_PLACEMENT_3D('',#2321,#1875,#1876);
#1629=AXIS2_PLACEMENT_3D('',#2323,#1877,#1878);
#1630=AXIS2_PLACEMENT_3D('',#2326,#1880,#1881);
#1631=AXIS2_PLACEMENT_3D('',#2327,#1882,#1883);
#1632=AXIS2_PLACEMENT_3D('',#2329,#1884,#1885);
#1633=AXIS2_PLACEMENT_3D('',#2330,#1886,#1887);
#1634=AXIS2_PLACEMENT_3D('',#2332,#1888,#1889);
#1635=AXIS2_PLACEMENT_3D('',#2335,#1891,#1892);
#1636=AXIS2_PLACEMENT_3D('',#2336,#1893,#1894);
#1637=AXIS2_PLACEMENT_3D('',#2338,#1895,#1896);
#1638=AXIS2_PLACEMENT_3D('',#2339,#1897,#1898);
#1639=AXIS2_PLACEMENT_3D('',#2341,#1899,#1900);
#1640=AXIS2_PLACEMENT_3D('',#2344,#1902,#1903);
#1641=AXIS2_PLACEMENT_3D('',#2345,#1904,#1905);
#1642=AXIS2_PLACEMENT_3D('',#2347,#1906,#1907);
#1643=AXIS2_PLACEMENT_3D('',#2348,#1908,#1909);
#1644=AXIS2_PLACEMENT_3D('',#2357,#1914,#1915);
#1645=AXIS2_PLACEMENT_3D('',#2363,#1919,#1920);
#1646=AXIS2_PLACEMENT_3D('',#2369,#1924,#1925);
#1647=AXIS2_PLACEMENT_3D('',#2372,#1928,#1929);
#1648=AXIS2_PLACEMENT_3D('',#2378,#1933,#1934);
#1649=AXIS2_PLACEMENT_3D('',#2382,#1937,#1938);
#1650=AXIS2_PLACEMENT_3D('',#2386,#1941,#1942);
#1651=AXIS2_PLACEMENT_3D('',#2388,#1944,#1945);
#1652=AXIS2_PLACEMENT_3D('',#2394,#1949,#1950);
#1653=AXIS2_PLACEMENT_3D('',#2398,#1953,#1954);
#1654=AXIS2_PLACEMENT_3D('',#2402,#1957,#1958);
#1655=AXIS2_PLACEMENT_3D('',#2404,#1960,#1961);
#1656=AXIS2_PLACEMENT_3D('',#2410,#1965,#1966);
#1657=AXIS2_PLACEMENT_3D('',#2414,#1969,#1970);
#1658=AXIS2_PLACEMENT_3D('',#2418,#1973,#1974);
#1659=AXIS2_PLACEMENT_3D('',#2420,#1976,#1977);
#1660=AXIS2_PLACEMENT_3D('',#2426,#1981,#1982);
#1661=AXIS2_PLACEMENT_3D('',#2430,#1985,#1986);
#1662=AXIS2_PLACEMENT_3D('',#2434,#1989,#1990);
#1663=AXIS2_PLACEMENT_3D('',#2436,#1992,#1993);
#1664=AXIS2_PLACEMENT_3D('',#2445,#1998,#1999);
#1665=AXIS2_PLACEMENT_3D('',#2451,#2003,#2004);
#1666=AXIS2_PLACEMENT_3D('',#2457,#2008,#2009);
#1667=AXIS2_PLACEMENT_3D('',#2460,#2012,#2013);
#1668=AXIS2_PLACEMENT_3D('',#2462,#2014,#2015);
#1669=AXIS2_PLACEMENT_3D('',#2464,#2017,#2018);
#1670=AXIS2_PLACEMENT_3D('',#2466,#2019,#2020);
#1671=AXIS2_PLACEMENT_3D('',#2468,#2022,#2023);
#1672=AXIS2_PLACEMENT_3D('',#2470,#2024,#2025);
#1673=AXIS2_PLACEMENT_3D('',#2473,#2027,#2028);
#1674=AXIS2_PLACEMENT_3D('',#2474,#2029,#2030);
#1675=AXIS2_PLACEMENT_3D('',#2477,#2032,#2033);
#1676=AXIS2_PLACEMENT_3D('',#2478,#2034,#2035);
#1677=AXIS2_PLACEMENT_3D('',#2480,#2036,#2037);
#1678=AXIS2_PLACEMENT_3D('',#2483,#2039,#2040);
#1679=AXIS2_PLACEMENT_3D('',#2484,#2041,#2042);
#1680=AXIS2_PLACEMENT_3D('',#2485,#2043,#2044);
#1681=AXIS2_PLACEMENT_3D('',#2488,#2046,#2047);
#1682=AXIS2_PLACEMENT_3D('',#2489,#2048,#2049);
#1683=AXIS2_PLACEMENT_3D('',#2492,#2051,#2052);
#1684=AXIS2_PLACEMENT_3D('',#2493,#2053,#2054);
#1685=AXIS2_PLACEMENT_3D('',#2496,#2056,#2057);
#1686=AXIS2_PLACEMENT_3D('',#2497,#2058,#2059);
#1687=AXIS2_PLACEMENT_3D('',#2499,#2060,#2061);
#1688=AXIS2_PLACEMENT_3D('',#2502,#2063,#2064);
#1689=AXIS2_PLACEMENT_3D('',#2503,#2065,#2066);
#1690=AXIS2_PLACEMENT_3D('',#2505,#2067,#2068);
#1691=AXIS2_PLACEMENT_3D('',#2508,#2070,#2071);
#1692=AXIS2_PLACEMENT_3D('',#2509,#2072,#2073);
#1693=AXIS2_PLACEMENT_3D('',#2512,#2075,#2076);
#1694=AXIS2_PLACEMENT_3D('',#2513,#2077,#2078);
#1695=AXIS2_PLACEMENT_3D('',#2516,#2080,#2081);
#1696=AXIS2_PLACEMENT_3D('',#2517,#2082,#2083);
#1697=AXIS2_PLACEMENT_3D('',#2520,#2085,#2086);
#1698=AXIS2_PLACEMENT_3D('',#2521,#2087,#2088);
#1699=AXIS2_PLACEMENT_3D('',#2524,#2090,#2091);
#1700=AXIS2_PLACEMENT_3D('',#2525,#2092,#2093);
#1701=AXIS2_PLACEMENT_3D('',#2528,#2095,#2096);
#1702=AXIS2_PLACEMENT_3D('',#2529,#2097,#2098);
#1703=AXIS2_PLACEMENT_3D('',#2531,#2099,#2100);
#1704=AXIS2_PLACEMENT_3D('',#2534,#2102,#2103);
#1705=AXIS2_PLACEMENT_3D('',#2535,#2104,#2105);
#1706=AXIS2_PLACEMENT_3D('',#2537,#2106,#2107);
#1707=AXIS2_PLACEMENT_3D('',#2539,#2109,#2110);
#1708=AXIS2_PLACEMENT_3D('',#2541,#2111,#2112);
#1709=AXIS2_PLACEMENT_3D('',#2543,#2114,#2115);
#1710=AXIS2_PLACEMENT_3D('',#2552,#2120,#2121);
#1711=AXIS2_PLACEMENT_3D('',#2558,#2125,#2126);
#1712=AXIS2_PLACEMENT_3D('',#2564,#2130,#2131);
#1713=AXIS2_PLACEMENT_3D('',#2567,#2134,#2135);
#1714=AXIS2_PLACEMENT_3D('',#2568,#2136,#2137);
#1715=DIRECTION('axis',(0.,0.,1.));
#1716=DIRECTION('refdir',(1.,0.,0.));
#1717=DIRECTION('center_axis',(0.,1.,0.));
#1718=DIRECTION('ref_axis',(-1.,0.,0.));
#1719=DIRECTION('',(0.,0.,1.));
#1720=DIRECTION('',(-1.,0.,0.));
#1721=DIRECTION('',(0.,0.,1.));
#1722=DIRECTION('',(-1.,0.,0.));
#1723=DIRECTION('center_axis',(0.,1.,0.));
#1724=DIRECTION('ref_axis',(-1.,0.,0.));
#1725=DIRECTION('',(0.,0.,1.));
#1726=DIRECTION('',(-1.,0.,0.));
#1727=DIRECTION('',(0.,0.,-1.));
#1728=DIRECTION('',(-1.,0.,0.));
#1729=DIRECTION('center_axis',(0.,1.,0.));
#1730=DIRECTION('ref_axis',(-1.,0.,0.));
#1731=DIRECTION('',(0.,0.,1.));
#1732=DIRECTION('',(-1.,0.,0.));
#1733=DIRECTION('',(0.,0.,-1.));
#1734=DIRECTION('',(-1.,0.,0.));
#1735=DIRECTION('center_axis',(0.,1.,0.));
#1736=DIRECTION('ref_axis',(-1.,0.,0.));
#1737=DIRECTION('',(0.,0.,-1.));
#1738=DIRECTION('',(-1.,0.,0.));
#1739=DIRECTION('',(0.,0.,1.));
#1740=DIRECTION('',(-1.,0.,0.));
#1741=DIRECTION('center_axis',(1.,0.,0.));
#1742=DIRECTION('ref_axis',(0.,1.,0.));
#1743=DIRECTION('',(0.,1.,0.));
#1744=DIRECTION('',(0.,0.,1.));
#1745=DIRECTION('',(0.,1.,0.));
#1746=DIRECTION('center_axis',(0.,-1.,0.));
#1747=DIRECTION('ref_axis',(1.,0.,0.));
#1748=DIRECTION('',(1.,0.,0.));
#1749=DIRECTION('',(0.,0.,1.));
#1750=DIRECTION('',(1.,0.,0.));
#1751=DIRECTION('center_axis',(-1.,0.,0.));
#1752=DIRECTION('ref_axis',(0.,-1.,0.));
#1753=DIRECTION('',(0.,-1.,0.));
#1754=DIRECTION('',(0.,-1.,0.));
#1755=DIRECTION('center_axis',(0.,0.,1.));
#1756=DIRECTION('ref_axis',(1.,0.,0.));
#1757=DIRECTION('center_axis',(0.,0.,-1.));
#1758=DIRECTION('ref_axis',(1.,0.,0.));
#1759=DIRECTION('center_axis',(0.,0.,-1.));
#1760=DIRECTION('ref_axis',(1.,0.,0.));
#1761=DIRECTION('center_axis',(0.,0.,-1.));
#1762=DIRECTION('ref_axis',(1.,0.,0.));
#1763=DIRECTION('center_axis',(0.,0.,1.));
#1764=DIRECTION('ref_axis',(1.,0.,0.));
#1765=DIRECTION('center_axis',(0.,0.,-1.));
#1766=DIRECTION('ref_axis',(1.,0.,0.));
#1767=DIRECTION('',(1.,0.,0.));
#1768=DIRECTION('',(0.,-1.,0.));
#1769=DIRECTION('',(-1.,0.,0.));
#1770=DIRECTION('',(0.,1.,0.));
#1771=DIRECTION('',(1.,0.,0.));
#1772=DIRECTION('center_axis',(0.,0.,-1.));
#1773=DIRECTION('ref_axis',(1.,0.,0.));
#1774=DIRECTION('',(1.,0.,0.));
#1775=DIRECTION('center_axis',(0.,0.,-1.));
#1776=DIRECTION('ref_axis',(1.,0.,0.));
#1777=DIRECTION('',(1.,0.,0.));
#1778=DIRECTION('center_axis',(0.,-1.,0.));
#1779=DIRECTION('ref_axis',(1.,0.,0.));
#1780=DIRECTION('',(0.,0.,-1.));
#1781=DIRECTION('',(0.,0.,1.));
#1782=DIRECTION('',(1.,0.,0.));
#1783=DIRECTION('center_axis',(0.,-1.,0.));
#1784=DIRECTION('ref_axis',(1.,0.,0.));
#1785=DIRECTION('',(0.,0.,-1.));
#1786=DIRECTION('',(0.,0.,1.));
#1787=DIRECTION('',(1.,0.,0.));
#1788=DIRECTION('center_axis',(0.,-1.,0.));
#1789=DIRECTION('ref_axis',(1.,0.,0.));
#1790=DIRECTION('',(0.,0.,-1.));
#1791=DIRECTION('',(0.,0.,1.));
#1792=DIRECTION('',(1.,0.,0.));
#1793=DIRECTION('center_axis',(0.,1.,0.));
#1794=DIRECTION('ref_axis',(-1.,0.,0.));
#1795=DIRECTION('',(-1.,0.,0.));
#1796=DIRECTION('',(0.,0.,1.));
#1797=DIRECTION('',(0.,0.,1.));
#1798=DIRECTION('center_axis',(1.,0.,0.));
#1799=DIRECTION('ref_axis',(0.,1.,0.));
#1800=DIRECTION('',(0.,1.,0.));
#1801=DIRECTION('center_axis',(0.,-1.,0.));
#1802=DIRECTION('ref_axis',(1.,0.,0.));
#1803=DIRECTION('',(0.,0.,1.));
#1804=DIRECTION('',(1.,0.,0.));
#1805=DIRECTION('',(0.,0.,1.));
#1806=DIRECTION('center_axis',(-1.,0.,0.));
#1807=DIRECTION('ref_axis',(0.,-1.,0.));
#1808=DIRECTION('',(0.,-1.,0.));
#1809=DIRECTION('center_axis',(0.,0.,1.));
#1810=DIRECTION('ref_axis',(1.,0.,0.));
#1811=DIRECTION('center_axis',(0.,0.,1.));
#1812=DIRECTION('ref_axis',(1.,0.,0.));
#1813=DIRECTION('center_axis',(0.,0.,1.));
#1814=DIRECTION('ref_axis',(1.,0.,0.));
#1815=DIRECTION('center_axis',(0.,0.,1.));
#1816=DIRECTION('ref_axis',(1.,0.,0.));
#1817=DIRECTION('',(-1.,0.,0.));
#1818=DIRECTION('',(0.,-1.,0.));
#1819=DIRECTION('',(1.,0.,0.));
#1820=DIRECTION('',(0.,1.,0.));
#1821=DIRECTION('',(-1.,0.,0.));
#1822=DIRECTION('',(0.,-1.,0.));
#1823=DIRECTION('',(1.,0.,0.));
#1824=DIRECTION('',(0.,1.,0.));
#1825=DIRECTION('center_axis',(0.,0.,1.));
#1826=DIRECTION('ref_axis',(1.,0.,0.));
#1827=DIRECTION('center_axis',(0.,0.,1.));
#1828=DIRECTION('ref_axis',(1.,0.,0.));
#1829=DIRECTION('center_axis',(0.,0.,1.));
#1830=DIRECTION('ref_axis',(1.,0.,0.));
#1831=DIRECTION('center_axis',(0.,0.,1.));
#1832=DIRECTION('ref_axis',(1.,0.,0.));
#1833=DIRECTION('center_axis',(0.,0.,1.));
#1834=DIRECTION('ref_axis',(1.,0.,0.));
#1835=DIRECTION('center_axis',(0.,0.,1.));
#1836=DIRECTION('ref_axis',(1.,0.,0.));
#1837=DIRECTION('center_axis',(0.,0.,1.));
#1838=DIRECTION('ref_axis',(1.,0.,0.));
#1839=DIRECTION('center_axis',(0.,0.,1.));
#1840=DIRECTION('ref_axis',(1.,0.,0.));
#1841=DIRECTION('',(-1.,0.,0.));
#1842=DIRECTION('',(0.,-1.,0.));
#1843=DIRECTION('',(1.,0.,0.));
#1844=DIRECTION('',(0.,1.,0.));
#1845=DIRECTION('',(-1.,0.,0.));
#1846=DIRECTION('',(0.,-1.,0.));
#1847=DIRECTION('',(1.,0.,0.));
#1848=DIRECTION('',(0.,1.,0.));
#1849=DIRECTION('center_axis',(0.,0.,1.));
#1850=DIRECTION('ref_axis',(1.,0.,0.));
#1851=DIRECTION('center_axis',(0.,0.,1.));
#1852=DIRECTION('ref_axis',(1.,0.,0.));
#1853=DIRECTION('center_axis',(0.,0.,1.));
#1854=DIRECTION('ref_axis',(1.,0.,0.));
#1855=DIRECTION('center_axis',(0.,0.,1.));
#1856=DIRECTION('ref_axis',(1.,0.,0.));
#1857=DIRECTION('center_axis',(0.,0.,1.));
#1858=DIRECTION('ref_axis',(1.,0.,0.));
#1859=DIRECTION('',(0.,0.,1.));
#1860=DIRECTION('center_axis',(0.,0.,-1.));
#1861=DIRECTION('ref_axis',(1.,0.,0.));
#1862=DIRECTION('center_axis',(0.,0.,1.));
#1863=DIRECTION('ref_axis',(1.,0.,0.));
#1864=DIRECTION('center_axis',(0.,0.,-1.));
#1865=DIRECTION('ref_axis',(1.,0.,0.));
#1866=DIRECTION('center_axis',(0.,0.,-1.));
#1867=DIRECTION('ref_axis',(1.,0.,0.));
#1868=DIRECTION('',(0.,0.,-1.));
#1869=DIRECTION('center_axis',(0.,0.,-1.));
#1870=DIRECTION('ref_axis',(1.,0.,0.));
#1871=DIRECTION('center_axis',(0.,0.,1.));
#1872=DIRECTION('ref_axis',(1.,0.,0.));
#1873=DIRECTION('center_axis',(0.,0.,1.));
#1874=DIRECTION('ref_axis',(1.,0.,0.));
#1875=DIRECTION('center_axis',(0.,0.,-1.));
#1876=DIRECTION('ref_axis',(1.,0.,0.));
#1877=DIRECTION('center_axis',(0.,0.,-1.));
#1878=DIRECTION('ref_axis',(1.,0.,0.));
#1879=DIRECTION('',(0.,0.,-1.));
#1880=DIRECTION('center_axis',(0.,0.,-1.));
#1881=DIRECTION('ref_axis',(1.,0.,0.));
#1882=DIRECTION('center_axis',(0.,0.,1.));
#1883=DIRECTION('ref_axis',(1.,0.,0.));
#1884=DIRECTION('center_axis',(0.,0.,1.));
#1885=DIRECTION('ref_axis',(1.,0.,0.));
#1886=DIRECTION('center_axis',(0.,0.,-1.));
#1887=DIRECTION('ref_axis',(1.,0.,0.));
#1888=DIRECTION('center_axis',(0.,0.,-1.));
#1889=DIRECTION('ref_axis',(1.,0.,0.));
#1890=DIRECTION('',(0.,0.,-1.));
#1891=DIRECTION('center_axis',(0.,0.,-1.));
#1892=DIRECTION('ref_axis',(1.,0.,0.));
#1893=DIRECTION('center_axis',(0.,0.,1.));
#1894=DIRECTION('ref_axis',(1.,0.,0.));
#1895=DIRECTION('center_axis',(0.,0.,1.));
#1896=DIRECTION('ref_axis',(1.,0.,0.));
#1897=DIRECTION('center_axis',(0.,0.,-1.));
#1898=DIRECTION('ref_axis',(1.,0.,0.));
#1899=DIRECTION('center_axis',(0.,0.,-1.));
#1900=DIRECTION('ref_axis',(1.,0.,0.));
#1901=DIRECTION('',(0.,0.,-1.));
#1902=DIRECTION('center_axis',(0.,0.,-1.));
#1903=DIRECTION('ref_axis',(1.,0.,0.));
#1904=DIRECTION('center_axis',(0.,0.,1.));
#1905=DIRECTION('ref_axis',(1.,0.,0.));
#1906=DIRECTION('center_axis',(0.,0.,1.));
#1907=DIRECTION('ref_axis',(1.,0.,0.));
#1908=DIRECTION('center_axis',(0.,1.,0.));
#1909=DIRECTION('ref_axis',(-1.,0.,0.));
#1910=DIRECTION('',(-1.,0.,0.));
#1911=DIRECTION('',(0.,0.,1.));
#1912=DIRECTION('',(1.,0.,0.));
#1913=DIRECTION('',(0.,0.,1.));
#1914=DIRECTION('center_axis',(1.,0.,0.));
#1915=DIRECTION('ref_axis',(0.,1.,0.));
#1916=DIRECTION('',(0.,1.,0.));
#1917=DIRECTION('',(0.,0.,1.));
#1918=DIRECTION('',(0.,-1.,0.));
#1919=DIRECTION('center_axis',(0.,-1.,0.));
#1920=DIRECTION('ref_axis',(1.,0.,0.));
#1921=DIRECTION('',(1.,0.,0.));
#1922=DIRECTION('',(0.,0.,1.));
#1923=DIRECTION('',(-1.,0.,0.));
#1924=DIRECTION('center_axis',(-1.,0.,0.));
#1925=DIRECTION('ref_axis',(0.,-1.,0.));
#1926=DIRECTION('',(0.,-1.,0.));
#1927=DIRECTION('',(0.,1.,0.));
#1928=DIRECTION('center_axis',(0.,1.,0.));
#1929=DIRECTION('ref_axis',(-1.,0.,0.));
#1930=DIRECTION('',(0.,0.,1.));
#1931=DIRECTION('',(1.,0.,0.));
#1932=DIRECTION('',(0.,0.,1.));
#1933=DIRECTION('center_axis',(1.,0.,0.));
#1934=DIRECTION('ref_axis',(0.,1.,0.));
#1935=DIRECTION('',(0.,0.,1.));
#1936=DIRECTION('',(0.,-1.,0.));
#1937=DIRECTION('center_axis',(0.,-1.,0.));
#1938=DIRECTION('ref_axis',(1.,0.,0.));
#1939=DIRECTION('',(0.,0.,1.));
#1940=DIRECTION('',(-1.,0.,0.));
#1941=DIRECTION('center_axis',(-1.,0.,0.));
#1942=DIRECTION('ref_axis',(0.,-1.,0.));
#1943=DIRECTION('',(0.,1.,0.));
#1944=DIRECTION('center_axis',(0.,1.,0.));
#1945=DIRECTION('ref_axis',(-1.,0.,0.));
#1946=DIRECTION('',(0.,0.,1.));
#1947=DIRECTION('',(1.,0.,0.));
#1948=DIRECTION('',(0.,0.,1.));
#1949=DIRECTION('center_axis',(1.,0.,0.));
#1950=DIRECTION('ref_axis',(0.,1.,0.));
#1951=DIRECTION('',(0.,0.,1.));
#1952=DIRECTION('',(0.,-1.,0.));
#1953=DIRECTION('center_axis',(0.,-1.,0.));
#1954=DIRECTION('ref_axis',(1.,0.,0.));
#1955=DIRECTION('',(0.,0.,1.));
#1956=DIRECTION('',(-1.,0.,0.));
#1957=DIRECTION('center_axis',(-1.,0.,0.));
#1958=DIRECTION('ref_axis',(0.,-1.,0.));
#1959=DIRECTION('',(0.,1.,0.));
#1960=DIRECTION('center_axis',(0.,1.,0.));
#1961=DIRECTION('ref_axis',(-1.,0.,0.));
#1962=DIRECTION('',(0.,0.,1.));
#1963=DIRECTION('',(1.,0.,0.));
#1964=DIRECTION('',(0.,0.,1.));
#1965=DIRECTION('center_axis',(1.,0.,0.));
#1966=DIRECTION('ref_axis',(0.,1.,0.));
#1967=DIRECTION('',(0.,0.,1.));
#1968=DIRECTION('',(0.,-1.,0.));
#1969=DIRECTION('center_axis',(0.,-1.,0.));
#1970=DIRECTION('ref_axis',(1.,0.,0.));
#1971=DIRECTION('',(0.,0.,1.));
#1972=DIRECTION('',(-1.,0.,0.));
#1973=DIRECTION('center_axis',(-1.,0.,0.));
#1974=DIRECTION('ref_axis',(0.,-1.,0.));
#1975=DIRECTION('',(0.,1.,0.));
#1976=DIRECTION('center_axis',(0.,1.,0.));
#1977=DIRECTION('ref_axis',(-1.,0.,0.));
#1978=DIRECTION('',(0.,0.,1.));
#1979=DIRECTION('',(1.,0.,0.));
#1980=DIRECTION('',(0.,0.,1.));
#1981=DIRECTION('center_axis',(1.,0.,0.));
#1982=DIRECTION('ref_axis',(0.,1.,0.));
#1983=DIRECTION('',(0.,0.,1.));
#1984=DIRECTION('',(0.,-1.,0.));
#1985=DIRECTION('center_axis',(0.,-1.,0.));
#1986=DIRECTION('ref_axis',(1.,0.,0.));
#1987=DIRECTION('',(0.,0.,1.));
#1988=DIRECTION('',(-1.,0.,0.));
#1989=DIRECTION('center_axis',(-1.,0.,0.));
#1990=DIRECTION('ref_axis',(0.,-1.,0.));
#1991=DIRECTION('',(0.,1.,0.));
#1992=DIRECTION('center_axis',(0.,1.,0.));
#1993=DIRECTION('ref_axis',(-1.,0.,0.));
#1994=DIRECTION('',(-1.,0.,0.));
#1995=DIRECTION('',(0.,0.,1.));
#1996=DIRECTION('',(1.,0.,0.));
#1997=DIRECTION('',(0.,0.,1.));
#1998=DIRECTION('center_axis',(1.,0.,0.));
#1999=DIRECTION('ref_axis',(0.,1.,0.));
#2000=DIRECTION('',(0.,1.,0.));
#2001=DIRECTION('',(0.,0.,1.));
#2002=DIRECTION('',(0.,-1.,0.));
#2003=DIRECTION('center_axis',(0.,-1.,0.));
#2004=DIRECTION('ref_axis',(1.,0.,0.));
#2005=DIRECTION('',(1.,0.,0.));
#2006=DIRECTION('',(0.,0.,1.));
#2007=DIRECTION('',(-1.,0.,0.));
#2008=DIRECTION('center_axis',(-1.,0.,0.));
#2009=DIRECTION('ref_axis',(0.,-1.,0.));
#2010=DIRECTION('',(0.,-1.,0.));
#2011=DIRECTION('',(0.,1.,0.));
#2012=DIRECTION('center_axis',(0.,0.,1.));
#2013=DIRECTION('ref_axis',(1.,0.,0.));
#2014=DIRECTION('center_axis',(0.,0.,1.));
#2015=DIRECTION('ref_axis',(1.,0.,0.));
#2016=DIRECTION('',(0.,0.,1.));
#2017=DIRECTION('center_axis',(0.,0.,1.));
#2018=DIRECTION('ref_axis',(1.,0.,0.));
#2019=DIRECTION('center_axis',(0.,0.,1.));
#2020=DIRECTION('ref_axis',(1.,0.,0.));
#2021=DIRECTION('',(0.,0.,1.));
#2022=DIRECTION('center_axis',(0.,0.,1.));
#2023=DIRECTION('ref_axis',(1.,0.,0.));
#2024=DIRECTION('center_axis',(0.,0.,1.));
#2025=DIRECTION('ref_axis',(1.,0.,0.));
#2026=DIRECTION('',(0.,0.,1.));
#2027=DIRECTION('center_axis',(0.,0.,-1.));
#2028=DIRECTION('ref_axis',(1.,0.,0.));
#2029=DIRECTION('center_axis',(0.,0.,1.));
#2030=DIRECTION('ref_axis',(1.,0.,0.));
#2031=DIRECTION('',(0.,0.,1.));
#2032=DIRECTION('center_axis',(0.,0.,-1.));
#2033=DIRECTION('ref_axis',(1.,0.,0.));
#2034=DIRECTION('center_axis',(0.,0.,1.));
#2035=DIRECTION('ref_axis',(1.,0.,0.));
#2036=DIRECTION('center_axis',(0.,0.,1.));
#2037=DIRECTION('ref_axis',(1.,0.,0.));
#2038=DIRECTION('',(0.,0.,1.));
#2039=DIRECTION('center_axis',(0.,0.,-1.));
#2040=DIRECTION('ref_axis',(1.,0.,0.));
#2041=DIRECTION('center_axis',(0.,0.,1.));
#2042=DIRECTION('ref_axis',(1.,0.,0.));
#2043=DIRECTION('center_axis',(0.,0.,1.));
#2044=DIRECTION('ref_axis',(1.,0.,0.));
#2045=DIRECTION('',(0.,0.,1.));
#2046=DIRECTION('center_axis',(0.,0.,-1.));
#2047=DIRECTION('ref_axis',(1.,0.,0.));
#2048=DIRECTION('center_axis',(0.,0.,1.));
#2049=DIRECTION('ref_axis',(1.,0.,0.));
#2050=DIRECTION('',(0.,0.,1.));
#2051=DIRECTION('center_axis',(0.,0.,-1.));
#2052=DIRECTION('ref_axis',(1.,0.,0.));
#2053=DIRECTION('center_axis',(0.,0.,1.));
#2054=DIRECTION('ref_axis',(1.,0.,0.));
#2055=DIRECTION('',(0.,0.,1.));
#2056=DIRECTION('center_axis',(0.,0.,-1.));
#2057=DIRECTION('ref_axis',(1.,0.,0.));
#2058=DIRECTION('center_axis',(0.,0.,1.));
#2059=DIRECTION('ref_axis',(1.,0.,0.));
#2060=DIRECTION('center_axis',(0.,0.,1.));
#2061=DIRECTION('ref_axis',(1.,0.,0.));
#2062=DIRECTION('',(0.,0.,1.));
#2063=DIRECTION('center_axis',(0.,0.,-1.));
#2064=DIRECTION('ref_axis',(1.,0.,0.));
#2065=DIRECTION('center_axis',(0.,0.,1.));
#2066=DIRECTION('ref_axis',(1.,0.,0.));
#2067=DIRECTION('center_axis',(0.,0.,1.));
#2068=DIRECTION('ref_axis',(1.,0.,0.));
#2069=DIRECTION('',(0.,0.,1.));
#2070=DIRECTION('center_axis',(0.,0.,-1.));
#2071=DIRECTION('ref_axis',(1.,0.,0.));
#2072=DIRECTION('center_axis',(0.,0.,1.));
#2073=DIRECTION('ref_axis',(1.,0.,0.));
#2074=DIRECTION('',(0.,0.,1.));
#2075=DIRECTION('center_axis',(0.,0.,-1.));
#2076=DIRECTION('ref_axis',(1.,0.,0.));
#2077=DIRECTION('center_axis',(0.,0.,1.));
#2078=DIRECTION('ref_axis',(1.,0.,0.));
#2079=DIRECTION('',(0.,0.,1.));
#2080=DIRECTION('center_axis',(0.,0.,-1.));
#2081=DIRECTION('ref_axis',(1.,0.,0.));
#2082=DIRECTION('center_axis',(0.,0.,1.));
#2083=DIRECTION('ref_axis',(1.,0.,0.));
#2084=DIRECTION('',(0.,0.,1.));
#2085=DIRECTION('center_axis',(0.,0.,-1.));
#2086=DIRECTION('ref_axis',(1.,0.,0.));
#2087=DIRECTION('center_axis',(0.,0.,1.));
#2088=DIRECTION('ref_axis',(1.,0.,0.));
#2089=DIRECTION('',(0.,0.,1.));
#2090=DIRECTION('center_axis',(0.,0.,-1.));
#2091=DIRECTION('ref_axis',(1.,0.,0.));
#2092=DIRECTION('center_axis',(0.,0.,1.));
#2093=DIRECTION('ref_axis',(1.,0.,0.));
#2094=DIRECTION('',(0.,0.,1.));
#2095=DIRECTION('center_axis',(0.,0.,-1.));
#2096=DIRECTION('ref_axis',(1.,0.,0.));
#2097=DIRECTION('center_axis',(0.,0.,1.));
#2098=DIRECTION('ref_axis',(1.,0.,0.));
#2099=DIRECTION('center_axis',(0.,0.,1.));
#2100=DIRECTION('ref_axis',(1.,0.,0.));
#2101=DIRECTION('',(0.,0.,1.));
#2102=DIRECTION('center_axis',(0.,0.,-1.));
#2103=DIRECTION('ref_axis',(1.,0.,0.));
#2104=DIRECTION('center_axis',(0.,0.,1.));
#2105=DIRECTION('ref_axis',(1.,0.,0.));
#2106=DIRECTION('center_axis',(0.,0.,1.));
#2107=DIRECTION('ref_axis',(1.,0.,0.));
#2108=DIRECTION('',(0.,0.,1.));
#2109=DIRECTION('center_axis',(0.,0.,1.));
#2110=DIRECTION('ref_axis',(1.,0.,0.));
#2111=DIRECTION('center_axis',(0.,0.,1.));
#2112=DIRECTION('ref_axis',(1.,0.,0.));
#2113=DIRECTION('',(0.,0.,1.));
#2114=DIRECTION('center_axis',(0.,1.,0.));
#2115=DIRECTION('ref_axis',(-1.,0.,0.));
#2116=DIRECTION('',(-1.,0.,0.));
#2117=DIRECTION('',(0.,0.,1.));
#2118=DIRECTION('',(-1.,0.,0.));
#2119=DIRECTION('',(0.,0.,1.));
#2120=DIRECTION('center_axis',(1.,0.,0.));
#2121=DIRECTION('ref_axis',(0.,1.,0.));
#2122=DIRECTION('',(0.,1.,0.));
#2123=DIRECTION('',(0.,1.,0.));
#2124=DIRECTION('',(0.,0.,1.));
#2125=DIRECTION('center_axis',(0.,-1.,0.));
#2126=DIRECTION('ref_axis',(1.,0.,0.));
#2127=DIRECTION('',(1.,0.,0.));
#2128=DIRECTION('',(1.,0.,0.));
#2129=DIRECTION('',(0.,0.,1.));
#2130=DIRECTION('center_axis',(-1.,0.,0.));
#2131=DIRECTION('ref_axis',(0.,-1.,0.));
#2132=DIRECTION('',(0.,-1.,0.));
#2133=DIRECTION('',(0.,-1.,0.));
#2134=DIRECTION('center_axis',(0.,0.,1.));
#2135=DIRECTION('ref_axis',(1.,0.,0.));
#2136=DIRECTION('center_axis',(0.,0.,1.));
#2137=DIRECTION('ref_axis',(1.,0.,0.));
#2138=CARTESIAN_POINT('',(0.,0.,0.));
#2139=CARTESIAN_POINT('Origin',(97.6,4.4,0.));
#2140=CARTESIAN_POINT('',(71.4569194380618,4.4,0.));
#2141=CARTESIAN_POINT('',(71.4569194380618,4.4,2.));
#2142=CARTESIAN_POINT('',(71.4569194380618,4.4,0.));
#2143=CARTESIAN_POINT('',(97.6,4.4,0.));
#2144=CARTESIAN_POINT('',(48.8,4.4,0.));
#2145=CARTESIAN_POINT('',(97.6,4.4,2.));
#2146=CARTESIAN_POINT('',(97.6,4.4,0.));
#2147=CARTESIAN_POINT('',(97.6,4.4,2.));
#2148=CARTESIAN_POINT('Origin',(97.6,4.4,0.));
#2149=CARTESIAN_POINT('',(7.90691943806183,4.4,0.));
#2150=CARTESIAN_POINT('',(7.90691943806183,4.4,2.));
#2151=CARTESIAN_POINT('',(7.90691943806183,4.4,0.));
#2152=CARTESIAN_POINT('',(55.6430805619382,4.4,0.));
#2153=CARTESIAN_POINT('',(48.8,4.4,0.));
#2154=CARTESIAN_POINT('',(55.6430805619382,4.4,2.));
#2155=CARTESIAN_POINT('',(55.6430805619382,4.4,0.));
#2156=CARTESIAN_POINT('',(97.6,4.4,2.));
#2157=CARTESIAN_POINT('Origin',(97.6,4.4,0.));
#2158=CARTESIAN_POINT('',(-55.6430805619382,4.4,0.));
#2159=CARTESIAN_POINT('',(-55.6430805619382,4.4,2.));
#2160=CARTESIAN_POINT('',(-55.6430805619382,4.4,0.));
#2161=CARTESIAN_POINT('',(-7.90691943806183,4.4,0.));
#2162=CARTESIAN_POINT('',(48.8,4.4,0.));
#2163=CARTESIAN_POINT('',(-7.90691943806183,4.4,2.));
#2164=CARTESIAN_POINT('',(-7.90691943806183,4.4,0.));
#2165=CARTESIAN_POINT('',(97.6,4.4,2.));
#2166=CARTESIAN_POINT('Origin',(97.6,4.4,0.));
#2167=CARTESIAN_POINT('',(-71.4569194380618,4.4,2.));
#2168=CARTESIAN_POINT('',(-71.4569194380618,4.4,0.));
#2169=CARTESIAN_POINT('',(-71.4569194380618,4.4,0.));
#2170=CARTESIAN_POINT('',(-97.6,4.4,2.));
#2171=CARTESIAN_POINT('',(97.6,4.4,2.));
#2172=CARTESIAN_POINT('',(-97.6,4.4,0.));
#2173=CARTESIAN_POINT('',(-97.6,4.4,0.));
#2174=CARTESIAN_POINT('',(48.8,4.4,0.));
#2175=CARTESIAN_POINT('Origin',(97.6,2.,0.));
#2176=CARTESIAN_POINT('',(97.6,2.,0.));
#2177=CARTESIAN_POINT('',(97.6,12.1125,0.));
#2178=CARTESIAN_POINT('',(97.6,2.,2.));
#2179=CARTESIAN_POINT('',(97.6,2.,0.));
#2180=CARTESIAN_POINT('',(97.6,2.,2.));
#2181=CARTESIAN_POINT('Origin',(-97.6,2.,0.));
#2182=CARTESIAN_POINT('',(-97.6,2.,0.));
#2183=CARTESIAN_POINT('',(-48.8,2.,0.));
#2184=CARTESIAN_POINT('',(-97.6,2.,2.));
#2185=CARTESIAN_POINT('',(-97.6,2.,0.));
#2186=CARTESIAN_POINT('',(-97.6,2.,2.));
#2187=CARTESIAN_POINT('Origin',(-97.6,4.4,0.));
#2188=CARTESIAN_POINT('',(-97.6,13.3125,0.));
#2189=CARTESIAN_POINT('',(-97.6,4.4,2.));
#2190=CARTESIAN_POINT('Origin',(0.,3.2,2.));
#2191=CARTESIAN_POINT('Origin',(-63.55,22.225,2.));
#2192=CARTESIAN_POINT('Origin',(0.,22.225,2.));
#2193=CARTESIAN_POINT('Origin',(63.55,22.225,2.));
#2194=CARTESIAN_POINT('Origin',(0.,41.25,2.));
#2195=CARTESIAN_POINT('',(-71.4569194380618,40.05,2.));
#2196=CARTESIAN_POINT('',(-55.6430805619382,40.05,2.));
#2197=CARTESIAN_POINT('Origin',(-63.55,22.225,2.));
#2198=CARTESIAN_POINT('',(-97.6,40.05,2.));
#2199=CARTESIAN_POINT('',(-97.6,40.05,2.));
#2200=CARTESIAN_POINT('',(-97.6,42.45,2.));
#2201=CARTESIAN_POINT('',(-97.6,42.45,2.));
#2202=CARTESIAN_POINT('',(97.6,42.45,2.));
#2203=CARTESIAN_POINT('',(97.6,42.45,2.));
#2204=CARTESIAN_POINT('',(97.6,40.05,2.));
#2205=CARTESIAN_POINT('',(97.6,40.05,2.));
#2206=CARTESIAN_POINT('',(71.4569194380618,40.05,2.));
#2207=CARTESIAN_POINT('',(-97.6,40.05,2.));
#2208=CARTESIAN_POINT('',(55.6430805619382,40.05,2.));
#2209=CARTESIAN_POINT('Origin',(63.55,22.225,2.));
#2210=CARTESIAN_POINT('',(7.90691943806182,40.05,2.));
#2211=CARTESIAN_POINT('',(-97.6,40.05,2.));
#2212=CARTESIAN_POINT('',(-7.90691943806182,40.05,2.));
#2213=CARTESIAN_POINT('Origin',(0.,22.225,2.));
#2214=CARTESIAN_POINT('',(-97.6,40.05,2.));
#2215=CARTESIAN_POINT('Origin',(-97.6,40.05,0.));
#2216=CARTESIAN_POINT('',(71.4569194380618,40.05,0.));
#2217=CARTESIAN_POINT('',(71.4569194380618,40.05,0.));
#2218=CARTESIAN_POINT('',(97.6,40.05,0.));
#2219=CARTESIAN_POINT('',(97.6,40.05,0.));
#2220=CARTESIAN_POINT('',(-48.8,40.05,0.));
#2221=CARTESIAN_POINT('Origin',(-97.6,40.05,0.));
#2222=CARTESIAN_POINT('',(7.90691943806182,40.05,0.));
#2223=CARTESIAN_POINT('',(7.90691943806182,40.05,0.));
#2224=CARTESIAN_POINT('',(55.6430805619382,40.05,0.));
#2225=CARTESIAN_POINT('',(55.6430805619382,40.05,0.));
#2226=CARTESIAN_POINT('',(-48.8,40.05,0.));
#2227=CARTESIAN_POINT('Origin',(-97.6,40.05,0.));
#2228=CARTESIAN_POINT('',(-55.6430805619382,40.05,0.));
#2229=CARTESIAN_POINT('',(-55.6430805619382,40.05,0.));
#2230=CARTESIAN_POINT('',(-7.90691943806182,40.05,0.));
#2231=CARTESIAN_POINT('',(-7.90691943806182,40.05,0.));
#2232=CARTESIAN_POINT('',(-48.8,40.05,0.));
#2233=CARTESIAN_POINT('Origin',(97.6,42.45,0.));
#2234=CARTESIAN_POINT('',(97.6,42.45,0.));
#2235=CARTESIAN_POINT('',(-97.6,42.45,0.));
#2236=CARTESIAN_POINT('',(48.8,42.45,0.));
#2237=CARTESIAN_POINT('',(97.6,42.45,0.));
#2238=CARTESIAN_POINT('',(-97.6,42.45,0.));
#2239=CARTESIAN_POINT('Origin',(97.6,40.05,0.));
#2240=CARTESIAN_POINT('',(97.6,31.1375,0.));
#2241=CARTESIAN_POINT('Origin',(-97.6,40.05,0.));
#2242=CARTESIAN_POINT('',(-71.4569194380618,40.05,0.));
#2243=CARTESIAN_POINT('',(-71.4569194380618,40.05,0.));
#2244=CARTESIAN_POINT('',(-97.6,40.05,0.));
#2245=CARTESIAN_POINT('',(-48.8,40.05,0.));
#2246=CARTESIAN_POINT('',(-97.6,40.05,0.));
#2247=CARTESIAN_POINT('Origin',(-97.6,42.45,0.));
#2248=CARTESIAN_POINT('',(-97.6,32.3375,0.));
#2249=CARTESIAN_POINT('Origin',(0.,22.225,0.));
#2250=CARTESIAN_POINT('Origin',(0.,22.225,0.));
#2251=CARTESIAN_POINT('',(44.05,22.225,0.));
#2252=CARTESIAN_POINT('Origin',(63.55,22.225,0.));
#2253=CARTESIAN_POINT('Origin',(63.55,22.225,0.));
#2254=CARTESIAN_POINT('',(33.03,20.,0.));
#2255=CARTESIAN_POINT('',(30.53,20.,0.));
#2256=CARTESIAN_POINT('',(16.515,20.,0.));
#2257=CARTESIAN_POINT('',(30.53,15.,0.));
#2258=CARTESIAN_POINT('',(30.53,21.1125,0.));
#2259=CARTESIAN_POINT('',(33.03,15.,0.));
#2260=CARTESIAN_POINT('',(15.265,15.,0.));
#2261=CARTESIAN_POINT('',(33.03,18.6125,0.));
#2262=CARTESIAN_POINT('',(33.03,29.5,0.));
#2263=CARTESIAN_POINT('',(30.53,29.5,0.));
#2264=CARTESIAN_POINT('',(16.515,29.5,0.));
#2265=CARTESIAN_POINT('',(30.53,24.5,0.));
#2266=CARTESIAN_POINT('',(30.53,25.8625,0.));
#2267=CARTESIAN_POINT('',(33.03,24.5,0.));
#2268=CARTESIAN_POINT('',(15.265,24.5,0.));
#2269=CARTESIAN_POINT('',(33.03,23.3625,0.));
#2270=CARTESIAN_POINT('',(45.75,38.225,0.));
#2271=CARTESIAN_POINT('Origin',(47.55,38.225,0.));
#2272=CARTESIAN_POINT('',(14.2,38.225,0.));
#2273=CARTESIAN_POINT('Origin',(16.,38.225,0.));
#2274=CARTESIAN_POINT('',(14.2,6.225,0.));
#2275=CARTESIAN_POINT('Origin',(16.,6.225,0.));
#2276=CARTESIAN_POINT('',(45.75,6.225,0.));
#2277=CARTESIAN_POINT('Origin',(47.55,6.225,0.));
#2278=CARTESIAN_POINT('Origin',(0.,22.225,0.));
#2279=CARTESIAN_POINT('Origin',(-63.55,22.225,0.));
#2280=CARTESIAN_POINT('',(-19.5,22.225,0.));
#2281=CARTESIAN_POINT('Origin',(0.,22.225,0.));
#2282=CARTESIAN_POINT('Origin',(0.,22.225,0.));
#2283=CARTESIAN_POINT('',(-30.53,20.,0.));
#2284=CARTESIAN_POINT('',(-33.03,20.,0.));
#2285=CARTESIAN_POINT('',(-15.265,20.,0.));
#2286=CARTESIAN_POINT('',(-33.03,15.,0.));
#2287=CARTESIAN_POINT('',(-33.03,21.1125,0.));
#2288=CARTESIAN_POINT('',(-30.53,15.,0.));
#2289=CARTESIAN_POINT('',(-16.515,15.,0.));
#2290=CARTESIAN_POINT('',(-30.53,18.6125,0.));
#2291=CARTESIAN_POINT('',(-30.53,29.5,0.));
#2292=CARTESIAN_POINT('',(-33.03,29.5,0.));
#2293=CARTESIAN_POINT('',(-15.265,29.5,0.));
#2294=CARTESIAN_POINT('',(-33.03,24.5,0.));
#2295=CARTESIAN_POINT('',(-33.03,25.8625,0.));
#2296=CARTESIAN_POINT('',(-30.53,24.5,0.));
#2297=CARTESIAN_POINT('',(-16.515,24.5,0.));
#2298=CARTESIAN_POINT('',(-30.53,23.3625,0.));
#2299=CARTESIAN_POINT('',(-17.8,38.225,0.));
#2300=CARTESIAN_POINT('Origin',(-16.,38.225,0.));
#2301=CARTESIAN_POINT('',(-49.35,6.225,0.));
#2302=CARTESIAN_POINT('Origin',(-47.55,6.225,0.));
#2303=CARTESIAN_POINT('',(-49.35,38.225,0.));
#2304=CARTESIAN_POINT('Origin',(-47.55,38.225,0.));
#2305=CARTESIAN_POINT('',(-17.8,6.225,0.));
#2306=CARTESIAN_POINT('Origin',(-16.,6.225,0.));
#2307=CARTESIAN_POINT('Origin',(63.55,22.225,0.));
#2308=CARTESIAN_POINT('',(44.05,22.225,4.));
#2309=CARTESIAN_POINT('',(44.05,22.225,0.));
#2310=CARTESIAN_POINT('Origin',(63.55,22.225,4.));
#2311=CARTESIAN_POINT('Origin',(63.55,22.225,0.));
#2312=CARTESIAN_POINT('Origin',(102.82,15.,4.));
#2313=CARTESIAN_POINT('',(99.57,15.,4.));
#2314=CARTESIAN_POINT('Origin',(102.82,15.,4.));
#2315=CARTESIAN_POINT('',(99.57,15.,2.));
#2316=CARTESIAN_POINT('',(99.57,15.,4.));
#2317=CARTESIAN_POINT('Origin',(102.82,15.,2.));
#2318=CARTESIAN_POINT('Origin',(102.82,15.,2.));
#2319=CARTESIAN_POINT('',(101.12,15.,2.));
#2320=CARTESIAN_POINT('Origin',(102.82,15.,2.));
#2321=CARTESIAN_POINT('Origin',(-102.82,29.45,4.));
#2322=CARTESIAN_POINT('',(-106.07,29.45,4.));
#2323=CARTESIAN_POINT('Origin',(-102.82,29.45,4.));
#2324=CARTESIAN_POINT('',(-106.07,29.45,2.));
#2325=CARTESIAN_POINT('',(-106.07,29.45,4.));
#2326=CARTESIAN_POINT('Origin',(-102.82,29.45,2.));
#2327=CARTESIAN_POINT('Origin',(-102.82,29.45,2.));
#2328=CARTESIAN_POINT('',(-104.52,29.45,2.));
#2329=CARTESIAN_POINT('Origin',(-102.82,29.45,2.));
#2330=CARTESIAN_POINT('Origin',(-102.82,15.,4.));
#2331=CARTESIAN_POINT('',(-106.07,15.,4.));
#2332=CARTESIAN_POINT('Origin',(-102.82,15.,4.));
#2333=CARTESIAN_POINT('',(-106.07,15.,2.));
#2334=CARTESIAN_POINT('',(-106.07,15.,4.));
#2335=CARTESIAN_POINT('Origin',(-102.82,15.,2.));
#2336=CARTESIAN_POINT('Origin',(-102.82,15.,2.));
#2337=CARTESIAN_POINT('',(-104.52,15.,2.));
#2338=CARTESIAN_POINT('Origin',(-102.82,15.,2.));
#2339=CARTESIAN_POINT('Origin',(102.82,29.45,4.));
#2340=CARTESIAN_POINT('',(99.57,29.45,4.));
#2341=CARTESIAN_POINT('Origin',(102.82,29.45,4.));
#2342=CARTESIAN_POINT('',(99.57,29.45,2.));
#2343=CARTESIAN_POINT('',(99.57,29.45,4.));
#2344=CARTESIAN_POINT('Origin',(102.82,29.45,2.));
#2345=CARTESIAN_POINT('Origin',(102.82,29.45,2.));
#2346=CARTESIAN_POINT('',(101.12,29.45,2.));
#2347=CARTESIAN_POINT('Origin',(102.82,29.45,2.));
#2348=CARTESIAN_POINT('Origin',(90.69,20.,0.));
#2349=CARTESIAN_POINT('',(90.69,20.,0.));
#2350=CARTESIAN_POINT('',(88.19,20.,0.));
#2351=CARTESIAN_POINT('',(45.345,20.,0.));
#2352=CARTESIAN_POINT('',(90.69,20.,4.));
#2353=CARTESIAN_POINT('',(90.69,20.,0.));
#2354=CARTESIAN_POINT('',(88.19,20.,4.));
#2355=CARTESIAN_POINT('',(45.345,20.,4.));
#2356=CARTESIAN_POINT('',(88.19,20.,0.));
#2357=CARTESIAN_POINT('Origin',(90.69,15.,0.));
#2358=CARTESIAN_POINT('',(90.69,15.,0.));
#2359=CARTESIAN_POINT('',(90.69,18.6125,0.));
#2360=CARTESIAN_POINT('',(90.69,15.,4.));
#2361=CARTESIAN_POINT('',(90.69,15.,0.));
#2362=CARTESIAN_POINT('',(90.69,18.6125,4.));
#2363=CARTESIAN_POINT('Origin',(88.19,15.,0.));
#2364=CARTESIAN_POINT('',(88.19,15.,0.));
#2365=CARTESIAN_POINT('',(44.095,15.,0.));
#2366=CARTESIAN_POINT('',(88.19,15.,4.));
#2367=CARTESIAN_POINT('',(88.19,15.,0.));
#2368=CARTESIAN_POINT('',(44.095,15.,4.));
#2369=CARTESIAN_POINT('Origin',(88.19,20.,0.));
#2370=CARTESIAN_POINT('',(88.19,21.1125,0.));
#2371=CARTESIAN_POINT('',(88.19,21.1125,4.));
#2372=CARTESIAN_POINT('Origin',(-30.53,20.,0.));
#2373=CARTESIAN_POINT('',(-30.53,20.,4.));
#2374=CARTESIAN_POINT('',(-30.53,20.,0.));
#2375=CARTESIAN_POINT('',(-33.03,20.,4.));
#2376=CARTESIAN_POINT('',(-15.265,20.,4.));
#2377=CARTESIAN_POINT('',(-33.03,20.,0.));
#2378=CARTESIAN_POINT('Origin',(-30.53,15.,0.));
#2379=CARTESIAN_POINT('',(-30.53,15.,4.));
#2380=CARTESIAN_POINT('',(-30.53,15.,0.));
#2381=CARTESIAN_POINT('',(-30.53,18.6125,4.));
#2382=CARTESIAN_POINT('Origin',(-33.03,15.,0.));
#2383=CARTESIAN_POINT('',(-33.03,15.,4.));
#2384=CARTESIAN_POINT('',(-33.03,15.,0.));
#2385=CARTESIAN_POINT('',(-16.515,15.,4.));
#2386=CARTESIAN_POINT('Origin',(-33.03,20.,0.));
#2387=CARTESIAN_POINT('',(-33.03,21.1125,4.));
#2388=CARTESIAN_POINT('Origin',(-30.53,29.5,0.));
#2389=CARTESIAN_POINT('',(-30.53,29.5,4.));
#2390=CARTESIAN_POINT('',(-30.53,29.5,0.));
#2391=CARTESIAN_POINT('',(-33.03,29.5,4.));
#2392=CARTESIAN_POINT('',(-15.265,29.5,4.));
#2393=CARTESIAN_POINT('',(-33.03,29.5,0.));
#2394=CARTESIAN_POINT('Origin',(-30.53,24.5,0.));
#2395=CARTESIAN_POINT('',(-30.53,24.5,4.));
#2396=CARTESIAN_POINT('',(-30.53,24.5,0.));
#2397=CARTESIAN_POINT('',(-30.53,23.3625,4.));
#2398=CARTESIAN_POINT('Origin',(-33.03,24.5,0.));
#2399=CARTESIAN_POINT('',(-33.03,24.5,4.));
#2400=CARTESIAN_POINT('',(-33.03,24.5,0.));
#2401=CARTESIAN_POINT('',(-16.515,24.5,4.));
#2402=CARTESIAN_POINT('Origin',(-33.03,29.5,0.));
#2403=CARTESIAN_POINT('',(-33.03,25.8625,4.));
#2404=CARTESIAN_POINT('Origin',(33.03,20.,0.));
#2405=CARTESIAN_POINT('',(33.03,20.,4.));
#2406=CARTESIAN_POINT('',(33.03,20.,0.));
#2407=CARTESIAN_POINT('',(30.53,20.,4.));
#2408=CARTESIAN_POINT('',(16.515,20.,4.));
#2409=CARTESIAN_POINT('',(30.53,20.,0.));
#2410=CARTESIAN_POINT('Origin',(33.03,15.,0.));
#2411=CARTESIAN_POINT('',(33.03,15.,4.));
#2412=CARTESIAN_POINT('',(33.03,15.,0.));
#2413=CARTESIAN_POINT('',(33.03,18.6125,4.));
#2414=CARTESIAN_POINT('Origin',(30.53,15.,0.));
#2415=CARTESIAN_POINT('',(30.53,15.,4.));
#2416=CARTESIAN_POINT('',(30.53,15.,0.));
#2417=CARTESIAN_POINT('',(15.265,15.,4.));
#2418=CARTESIAN_POINT('Origin',(30.53,20.,0.));
#2419=CARTESIAN_POINT('',(30.53,21.1125,4.));
#2420=CARTESIAN_POINT('Origin',(33.03,29.5,0.));
#2421=CARTESIAN_POINT('',(33.03,29.5,4.));
#2422=CARTESIAN_POINT('',(33.03,29.5,0.));
#2423=CARTESIAN_POINT('',(30.53,29.5,4.));
#2424=CARTESIAN_POINT('',(16.515,29.5,4.));
#2425=CARTESIAN_POINT('',(30.53,29.5,0.));
#2426=CARTESIAN_POINT('Origin',(33.03,24.5,0.));
#2427=CARTESIAN_POINT('',(33.03,24.5,4.));
#2428=CARTESIAN_POINT('',(33.03,24.5,0.));
#2429=CARTESIAN_POINT('',(33.03,23.3625,4.));
#2430=CARTESIAN_POINT('Origin',(30.53,24.5,0.));
#2431=CARTESIAN_POINT('',(30.53,24.5,4.));
#2432=CARTESIAN_POINT('',(30.53,24.5,0.));
#2433=CARTESIAN_POINT('',(15.265,24.5,4.));
#2434=CARTESIAN_POINT('Origin',(30.53,29.5,0.));
#2435=CARTESIAN_POINT('',(30.53,25.8625,4.));
#2436=CARTESIAN_POINT('Origin',(90.69,29.5,0.));
#2437=CARTESIAN_POINT('',(90.69,29.5,0.));
#2438=CARTESIAN_POINT('',(88.19,29.5,0.));
#2439=CARTESIAN_POINT('',(45.345,29.5,0.));
#2440=CARTESIAN_POINT('',(90.69,29.5,4.));
#2441=CARTESIAN_POINT('',(90.69,29.5,0.));
#2442=CARTESIAN_POINT('',(88.19,29.5,4.));
#2443=CARTESIAN_POINT('',(45.345,29.5,4.));
#2444=CARTESIAN_POINT('',(88.19,29.5,0.));
#2445=CARTESIAN_POINT('Origin',(90.69,24.5,0.));
#2446=CARTESIAN_POINT('',(90.69,24.5,0.));
#2447=CARTESIAN_POINT('',(90.69,23.3625,0.));
#2448=CARTESIAN_POINT('',(90.69,24.5,4.));
#2449=CARTESIAN_POINT('',(90.69,24.5,0.));
#2450=CARTESIAN_POINT('',(90.69,23.3625,4.));
#2451=CARTESIAN_POINT('Origin',(88.19,24.5,0.));
#2452=CARTESIAN_POINT('',(88.19,24.5,0.));
#2453=CARTESIAN_POINT('',(44.095,24.5,0.));
#2454=CARTESIAN_POINT('',(88.19,24.5,4.));
#2455=CARTESIAN_POINT('',(88.19,24.5,0.));
#2456=CARTESIAN_POINT('',(44.095,24.5,4.));
#2457=CARTESIAN_POINT('Origin',(88.19,29.5,0.));
#2458=CARTESIAN_POINT('',(88.19,25.8625,0.));
#2459=CARTESIAN_POINT('',(88.19,25.8625,4.));
#2460=CARTESIAN_POINT('Origin',(102.82,15.,0.));
#2461=CARTESIAN_POINT('',(101.12,15.,0.));
#2462=CARTESIAN_POINT('Origin',(102.82,15.,0.));
#2463=CARTESIAN_POINT('',(101.12,15.,0.));
#2464=CARTESIAN_POINT('Origin',(-102.82,15.,0.));
#2465=CARTESIAN_POINT('',(-104.52,15.,0.));
#2466=CARTESIAN_POINT('Origin',(-102.82,15.,0.));
#2467=CARTESIAN_POINT('',(-104.52,15.,0.));
#2468=CARTESIAN_POINT('Origin',(79.55,6.225,0.));
#2469=CARTESIAN_POINT('',(77.75,6.225,0.));
#2470=CARTESIAN_POINT('Origin',(79.55,6.225,0.));
#2471=CARTESIAN_POINT('',(77.75,6.225,4.));
#2472=CARTESIAN_POINT('',(77.75,6.225,0.));
#2473=CARTESIAN_POINT('Origin',(79.55,6.225,4.));
#2474=CARTESIAN_POINT('Origin',(47.55,6.225,0.));
#2475=CARTESIAN_POINT('',(45.75,6.225,4.));
#2476=CARTESIAN_POINT('',(45.75,6.225,0.));
#2477=CARTESIAN_POINT('Origin',(47.55,6.225,4.));
#2478=CARTESIAN_POINT('Origin',(-63.55,22.225,0.));
#2479=CARTESIAN_POINT('',(-83.05,22.225,0.));
#2480=CARTESIAN_POINT('Origin',(-63.55,22.225,0.));
#2481=CARTESIAN_POINT('',(-83.05,22.225,4.));
#2482=CARTESIAN_POINT('',(-83.05,22.225,0.));
#2483=CARTESIAN_POINT('Origin',(-63.55,22.225,4.));
#2484=CARTESIAN_POINT('Origin',(-63.55,22.225,0.));
#2485=CARTESIAN_POINT('Origin',(16.,6.225,0.));
#2486=CARTESIAN_POINT('',(14.2,6.225,4.));
#2487=CARTESIAN_POINT('',(14.2,6.225,0.));
#2488=CARTESIAN_POINT('Origin',(16.,6.225,4.));
#2489=CARTESIAN_POINT('Origin',(-16.,6.225,0.));
#2490=CARTESIAN_POINT('',(-17.8,6.225,4.));
#2491=CARTESIAN_POINT('',(-17.8,6.225,0.));
#2492=CARTESIAN_POINT('Origin',(-16.,6.225,4.));
#2493=CARTESIAN_POINT('Origin',(-47.55,38.225,0.));
#2494=CARTESIAN_POINT('',(-49.35,38.225,4.));
#2495=CARTESIAN_POINT('',(-49.35,38.225,0.));
#2496=CARTESIAN_POINT('Origin',(-47.55,38.225,4.));
#2497=CARTESIAN_POINT('Origin',(-79.55,38.225,0.));
#2498=CARTESIAN_POINT('',(-81.35,38.225,0.));
#2499=CARTESIAN_POINT('Origin',(-79.55,38.225,0.));
#2500=CARTESIAN_POINT('',(-81.35,38.225,4.));
#2501=CARTESIAN_POINT('',(-81.35,38.225,0.));
#2502=CARTESIAN_POINT('Origin',(-79.55,38.225,4.));
#2503=CARTESIAN_POINT('Origin',(-79.55,6.225,0.));
#2504=CARTESIAN_POINT('',(-81.35,6.225,0.));
#2505=CARTESIAN_POINT('Origin',(-79.55,6.225,0.));
#2506=CARTESIAN_POINT('',(-81.35,6.225,4.));
#2507=CARTESIAN_POINT('',(-81.35,6.225,0.));
#2508=CARTESIAN_POINT('Origin',(-79.55,6.225,4.));
#2509=CARTESIAN_POINT('Origin',(-47.55,6.225,0.));
#2510=CARTESIAN_POINT('',(-49.35,6.225,4.));
#2511=CARTESIAN_POINT('',(-49.35,6.225,0.));
#2512=CARTESIAN_POINT('Origin',(-47.55,6.225,4.));
#2513=CARTESIAN_POINT('Origin',(0.,22.225,0.));
#2514=CARTESIAN_POINT('',(-19.5,22.225,4.));
#2515=CARTESIAN_POINT('',(-19.5,22.225,0.));
#2516=CARTESIAN_POINT('Origin',(0.,22.225,4.));
#2517=CARTESIAN_POINT('Origin',(-16.,38.225,0.));
#2518=CARTESIAN_POINT('',(-17.8,38.225,4.));
#2519=CARTESIAN_POINT('',(-17.8,38.225,0.));
#2520=CARTESIAN_POINT('Origin',(-16.,38.225,4.));
#2521=CARTESIAN_POINT('Origin',(16.,38.225,0.));
#2522=CARTESIAN_POINT('',(14.2,38.225,4.));
#2523=CARTESIAN_POINT('',(14.2,38.225,0.));
#2524=CARTESIAN_POINT('Origin',(16.,38.225,4.));
#2525=CARTESIAN_POINT('Origin',(47.55,38.225,0.));
#2526=CARTESIAN_POINT('',(45.75,38.225,4.));
#2527=CARTESIAN_POINT('',(45.75,38.225,0.));
#2528=CARTESIAN_POINT('Origin',(47.55,38.225,4.));
#2529=CARTESIAN_POINT('Origin',(79.55,38.225,0.));
#2530=CARTESIAN_POINT('',(77.75,38.225,0.));
#2531=CARTESIAN_POINT('Origin',(79.55,38.225,0.));
#2532=CARTESIAN_POINT('',(77.75,38.225,4.));
#2533=CARTESIAN_POINT('',(77.75,38.225,0.));
#2534=CARTESIAN_POINT('Origin',(79.55,38.225,4.));
#2535=CARTESIAN_POINT('Origin',(-102.82,29.45,0.));
#2536=CARTESIAN_POINT('',(-104.52,29.45,0.));
#2537=CARTESIAN_POINT('Origin',(-102.82,29.45,0.));
#2538=CARTESIAN_POINT('',(-104.52,29.45,0.));
#2539=CARTESIAN_POINT('Origin',(102.82,29.45,0.));
#2540=CARTESIAN_POINT('',(101.12,29.45,0.));
#2541=CARTESIAN_POINT('Origin',(102.82,29.45,0.));
#2542=CARTESIAN_POINT('',(101.12,29.45,0.));
#2543=CARTESIAN_POINT('Origin',(111.,44.05,0.));
#2544=CARTESIAN_POINT('',(111.,44.05,0.));
#2545=CARTESIAN_POINT('',(-111.,44.05,0.));
#2546=CARTESIAN_POINT('',(111.,44.05,0.));
#2547=CARTESIAN_POINT('',(-111.,44.05,4.));
#2548=CARTESIAN_POINT('',(-111.,44.05,0.));
#2549=CARTESIAN_POINT('',(111.,44.05,4.));
#2550=CARTESIAN_POINT('',(111.,44.05,4.));
#2551=CARTESIAN_POINT('',(111.,44.05,0.));
#2552=CARTESIAN_POINT('Origin',(111.,0.4,0.));
#2553=CARTESIAN_POINT('',(111.,0.4,0.));
#2554=CARTESIAN_POINT('',(111.,0.4,0.));
#2555=CARTESIAN_POINT('',(111.,0.4,4.));
#2556=CARTESIAN_POINT('',(111.,0.4,4.));
#2557=CARTESIAN_POINT('',(111.,0.4,0.));
#2558=CARTESIAN_POINT('Origin',(-111.,0.4,0.));
#2559=CARTESIAN_POINT('',(-111.,0.4,0.));
#2560=CARTESIAN_POINT('',(-111.,0.4,0.));
#2561=CARTESIAN_POINT('',(-111.,0.4,4.));
#2562=CARTESIAN_POINT('',(-111.,0.4,4.));
#2563=CARTESIAN_POINT('',(-111.,0.4,0.));
#2564=CARTESIAN_POINT('Origin',(-111.,44.05,0.));
#2565=CARTESIAN_POINT('',(-111.,44.05,0.));
#2566=CARTESIAN_POINT('',(-111.,44.05,4.));
#2567=CARTESIAN_POINT('Origin',(0.,22.225,4.));
#2568=CARTESIAN_POINT('Origin',(0.,22.225,0.));
#2569=UNCERTAINTY_MEASURE_WITH_UNIT(LENGTH_MEASURE(0.01),#2573,
'DISTANCE_ACCURACY_VALUE',
'Maximum model space distance between geometric entities at asserted c
onnectivities');
#2570=UNCERTAINTY_MEASURE_WITH_UNIT(LENGTH_MEASURE(0.01),#2573,
'DISTANCE_ACCURACY_VALUE',
'Maximum model space distance between geometric entities at asserted c
onnectivities');
#2571=(
GEOMETRIC_REPRESENTATION_CONTEXT(3)
GLOBAL_UNCERTAINTY_ASSIGNED_CONTEXT((#2569))
GLOBAL_UNIT_ASSIGNED_CONTEXT((#2573,#2575,#2576))
REPRESENTATION_CONTEXT('','3D')
);
#2572=(
GEOMETRIC_REPRESENTATION_CONTEXT(3)
GLOBAL_UNCERTAINTY_ASSIGNED_CONTEXT((#2570))
GLOBAL_UNIT_ASSIGNED_CONTEXT((#2573,#2575,#2576))
REPRESENTATION_CONTEXT('','3D')
);
#2573=(
LENGTH_UNIT()
NAMED_UNIT(*)
SI_UNIT(.MILLI.,.METRE.)
);
#2574=(
LENGTH_UNIT()
NAMED_UNIT(*)
SI_UNIT($,.METRE.)
);
#2575=(
NAMED_UNIT(*)
PLANE_ANGLE_UNIT()
SI_UNIT($,.RADIAN.)
);
#2576=(
NAMED_UNIT(*)
SI_UNIT($,.STERADIAN.)
SOLID_ANGLE_UNIT()
);
#2577=SHAPE_DEFINITION_REPRESENTATION(#2578,#2579);
#2578=PRODUCT_DEFINITION_SHAPE('',$,#2581);
#2579=SHAPE_REPRESENTATION('',(#1581),#2571);
#2580=PRODUCT_DEFINITION_CONTEXT('part definition',#2585,'design');
#2581=PRODUCT_DEFINITION('2026-08-26-09-02-38-795','(Unsaved)',#2582,#2580);
#2582=PRODUCT_DEFINITION_FORMATION('',$,#2587);
#2583=PRODUCT_RELATED_PRODUCT_CATEGORY('(Unsaved)','(Unsaved)',(#2587));
#2584=APPLICATION_PROTOCOL_DEFINITION('international standard',
'automotive_design',2009,#2585);
#2585=APPLICATION_CONTEXT(
'Core Data for Automotive Mechanical Design Process');
#2586=PRODUCT_CONTEXT('part definition',#2585,'mechanical');
#2587=PRODUCT('2026-08-26-09-02-38-795','(Unsaved)',$,(#2586));
#2588=PRESENTATION_STYLE_ASSIGNMENT((#2589));
#2589=SURFACE_STYLE_USAGE(.BOTH.,#2590);
#2590=SURFACE_SIDE_STYLE('',(#2591));
#2591=SURFACE_STYLE_FILL_AREA(#2592);
#2592=FILL_AREA_STYLE('Steel - Satin',(#2593));
#2593=FILL_AREA_STYLE_COLOUR('Steel - Satin',#2594);
#2594=COLOUR_RGB('Steel - Satin',0.627450980392157,0.627450980392157,0.627450980392157);
ENDSEC;
END-ISO-10303-21;
